Caso,DescDoenca,area_damaged,canker_lesion,crop_hist,date,external decay,fruit spots,fruiting_bodies,fruit_pods,germination,hail,int_discolor,leaf_malf,leaf_mild,leaf_shread,leafspots_halo,leafspot_size,leafspots_marg,leaves,lodging,mold_growth,mycelium,plant_growth,plant_stand,precip,roots,sclerotia,seed,seed_discolor,seed_size,seed_tmt,severity,shriveling,stem,stem_cankers,temp
1,diaporthe_stem_canker,low_areas,Brown,same_1st_yr,Outubro,firm_and_dry,dna,Present,Norm,90_100%,Yes,None,Absent,Absent,absent,absent,dna,dna,Abnorm,No,Absent,Absent,Abnorm,Normal,gt_normal,Norm,Absent,Norm,Absent,Norm,none,pot_severe,Absent,Abnorm,Above_sec_nde,norm
2,diaporthe_stem_canker,scattered,Brown,same_lst_two_yrs,Agosto,firm_and_dry,dna,Present,Norm,80_89%,Yes,None,Absent,Absent,absent,absent,dna,dna,Abnorm,Yes,Absent,Absent,Abnorm,Normal,gt_normal,Norm,Absent,Norm,Absent,Norm,fungicida,severe,Absent,Abnorm,Above_sec_nde,norm
3,diaporthe_stem_canker,scattered,dna,same_1st_yr,Julho,firm_and_dry,dna,Present,Norm,lt_80%,Yes,None,Absent,Absent,absent,absent,dna,dna,Abnorm,Yes,Absent,Absent,Abnorm,Normal,gt_normal,Norm,Absent,Norm,Absent,Norm,fungicida,severe,Absent,Abnorm,Above_sec_nde,norm
4,diaporthe_stem_canker,scattered,dna,same_1st_yr,Julho,firm_and_dry,dna,Present,Norm,80_89%,Yes,None,Absent,Absent,absent,absent,dna,dna,Abnorm,Yes,Absent,Absent,Abnorm,Normal,gt_normal,Norm,Absent,Norm,Absent,Norm,none,severe,Absent,Abnorm,Above_sec_nde,norm
5,diaporthe_stem_canker,scattered,Brown,same_lst_two_yrs,Outubro,firm_and_dry,dna,Present,Norm,lt_80%,Yes,None,Absent,Absent,absent,absent,dna,dna,Abnorm,Yes,Absent,Absent,Abnorm,Normal,gt_normal,Norm,Absent,Norm,Absent,Norm,none,pot_severe,Absent,Abnorm,Above_sec_nde,norm
6,diaporthe_stem_canker,scattered,dna,same_lst_sev_yrs,Setembro,firm_and_dry,dna,Present,Norm,80_89%,Yes,None,Absent,Absent,absent,absent,dna,dna,Abnorm,Yes,Absent,Absent,Abnorm,Normal,gt_normal,Norm,Absent,Norm,Absent,Norm,none,pot_severe,Absent,Abnorm,Above_sec_nde,norm
7,diaporthe_stem_canker,scattered,Brown,same_lst_two_yrs,Setembro,firm_and_dry,dna,Present,Norm,90_100%,Yes,None,Absent,Absent,absent,absent,dna,dna,Abnorm,No,Absent,Absent,Abnorm,Normal,gt_normal,Norm,Absent,Norm,Absent,Norm,fungicida,pot_severe,Absent,Abnorm,Above_sec_nde,norm
8,diaporthe_stem_canker,scattered,Brown,same_1st_yr,Agosto,firm_and_dry,dna,Present,Norm,lt_80%,No,None,Absent,Absent,absent,absent,dna,dna,Abnorm,Yes,Absent,Absent,Abnorm,Normal,gt_normal,Norm,Absent,Norm,Absent,Norm,none,pot_severe,Absent,Abnorm,Above_sec_nde,norm
9,diaporthe_stem_canker,scattered,Brown,same_lst_sev_yrs,Outubro,firm_and_dry,dna,Present,Norm,80_89%,Yes,None,Absent,Absent,absent,absent,dna,dna,Abnorm,Yes,Absent,Absent,Abnorm,Normal,gt_normal,Norm,Absent,Norm,Absent,Norm,fungicida,pot_severe,Absent,Abnorm,Above_sec_nde,norm
10,diaporthe_stem_canker,scattered,Brown,same_lst_two_yrs,Agosto,firm_and_dry,dna,Present,Norm,lt_80%,Yes,None,Absent,Absent,absent,absent,dna,dna,Abnorm,Yes,Absent,Absent,Abnorm,Normal,gt_normal,Norm,Absent,Norm,Absent,Norm,none,severe,Absent,Abnorm,Above_sec_nde,norm
11,charcoal_rot,whole_field,tan,same_1st_yr,Outubro,Absent,dna,Absent,Norm,90_100%,Yes,Black,Absent,Absent,absent,absent,dna,dna,Abnorm,Yes,Absent,Absent,Abnorm,Normal,lt_normal,Norm,Present,Norm,Absent,Norm,fungicida,pot_severe,Absent,Abnorm,Absent,gt_norm
12,charcoal_rot,whole_field,tan,same_1st_yr,Agosto,Absent,dna,Absent,Norm,80_89%,No,Black,Absent,Absent,absent,absent,dna,dna,Abnorm,No,Absent,Absent,Abnorm,Normal,lt_normal,Norm,Present,Norm,Absent,Norm,fungicida,pot_severe,Absent,Abnorm,Absent,norm
13,charcoal_rot,upper_areas,tan,same_1st_yr,Julho,Absent,dna,Absent,Norm,90_100%,Yes,Black,Absent,Absent,absent,absent,dna,dna,Abnorm,Yes,Absent,Absent,Abnorm,Normal,lt_normal,Norm,Present,Norm,Absent,Norm,none,pot_severe,Absent,Abnorm,Absent,norm
14,charcoal_rot,whole_field,tan,same_lst_sev_yrs,Outubro,Absent,dna,Absent,Norm,90_100%,No,Black,Absent,Absent,absent,absent,dna,dna,Abnorm,Yes,Absent,Absent,Abnorm,Normal,lt_normal,Norm,Present,Norm,Absent,Norm,fungicida,pot_severe,Absent,Abnorm,Absent,norm
15,charcoal_rot,whole_field,tan,same_1st_yr,Outubro,Absent,dna,Absent,Norm,80_89%,Yes,Black,Absent,Absent,absent,absent,dna,dna,Abnorm,Yes,Absent,Absent,Abnorm,Normal,lt_normal,Norm,Present,Norm,Absent,Norm,fungicida,pot_severe,Absent,Abnorm,Absent,gt_norm
16,charcoal_rot,whole_field,tan,same_lst_sev_yrs,Setembro,Absent,dna,Absent,Norm,lt_80%,No,Black,Absent,Absent,absent,absent,dna,dna,Abnorm,Yes,Absent,Absent,Abnorm,Normal,lt_normal,Norm,Present,Norm,Absent,Norm,fungicida,pot_severe,Absent,Abnorm,Absent,gt_norm
17,charcoal_rot,upper_areas,tan,diff_1st_year,Outubro,Absent,dna,Absent,Norm,90_100%,No,Black,Absent,Absent,absent,absent,dna,dna,Abnorm,No,Absent,Absent,Abnorm,Normal,lt_normal,Norm,Present,Norm,Absent,Norm,none,pot_severe,Absent,Abnorm,Absent,gt_norm
18,charcoal_rot,upper_areas,tan,same_lst_two_yrs,Agosto,Absent,dna,Absent,Norm,80_89%,Yes,Black,Absent,Absent,absent,absent,dna,dna,Abnorm,Yes,Absent,Absent,Abnorm,Normal,lt_normal,Norm,Present,Norm,Absent,Norm,none,pot_severe,Absent,Abnorm,Absent,norm
19,charcoal_rot,upper_areas,tan,same_lst_two_yrs,Julho,Absent,dna,Absent,Norm,lt_80%,Yes,Black,Absent,Absent,absent,absent,dna,dna,Abnorm,Yes,Absent,Absent,Abnorm,Normal,lt_normal,Norm,Present,Norm,Absent,Norm,none,pot_severe,Absent,Abnorm,Absent,gt_norm
20,charcoal_rot,upper_areas,tan,same_lst_two_yrs,Setembro,Absent,dna,Absent,Norm,lt_80%,No,Black,Absent,Absent,absent,absent,dna,dna,Abnorm,Yes,Absent,Absent,Abnorm,Normal,lt_normal,Norm,Present,Norm,Absent,Norm,none,pot_severe,Absent,Abnorm,Absent,gt_norm
21,rhizoctonia_root_rot,low_areas,Brown,same_lst_two_yrs,Maio,firm_and_dry,dna,Absent,dna,lt_80%,Yes,None,Absent,Absent,absent,absent,dna,dna,Norm,Yes,Absent,Present,Abnorm,lt_normal,gt_normal,Norm,Absent,Norm,Absent,Norm,none,severe,Absent,Abnorm,below_soil,lt_norm
22,rhizoctonia_root_rot,low_areas,Brown,same_1st_yr,Maio,firm_and_dry,dna,Absent,dna,80_89%,Yes,None,Absent,Absent,absent,absent,dna,dna,Norm,Yes,Absent,Absent,Abnorm,lt_normal,gt_normal,Norm,Absent,Norm,Absent,Norm,none,severe,Absent,Abnorm,below_soil,lt_norm
23,rhizoctonia_root_rot,low_areas,Brown,same_lst_sev_yrs,Julho,firm_and_dry,dna,Absent,dna,80_89%,No,None,Absent,Absent,absent,absent,dna,dna,Norm,No,Absent,Present,Abnorm,Normal,gt_normal,Norm,Absent,Norm,Absent,Norm,none,severe,Absent,Abnorm,below_soil,lt_norm
24,rhizoctonia_root_rot,low_areas,Brown,diff_1st_year,Abril,firm_and_dry,dna,Absent,dna,lt_80%,Yes,None,Absent,Absent,absent,absent,dna,dna,Norm,Yes,Absent,Absent,Abnorm,lt_normal,gt_normal,Norm,Absent,Norm,Absent,Norm,fungicida,pot_severe,Absent,Abnorm,below_soil,lt_norm
25,rhizoctonia_root_rot,low_areas,Brown,same_1st_yr,Abril,firm_and_dry,dna,Absent,dna,lt_80%,Yes,None,Absent,Absent,absent,absent,dna,dna,Norm,Yes,Absent,Absent,Abnorm,lt_normal,gt_normal,Norm,Absent,Norm,Absent,Norm,fungicida,severe,Absent,Abnorm,below_soil,lt_norm
26,rhizoctonia_root_rot,low_areas,Brown,same_lst_sev_yrs,Maio,firm_and_dry,dna,Absent,dna,lt_80%,Yes,None,Absent,Absent,absent,absent,dna,dna,Norm,Yes,Absent,Absent,Abnorm,lt_normal,gt_normal,Norm,Absent,Norm,Absent,Norm,none,severe,Absent,Abnorm,below_soil,lt_norm
27,rhizoctonia_root_rot,low_areas,Brown,diff_1st_year,Maio,firm_and_dry,dna,Absent,dna,80_89%,Yes,None,Absent,Absent,absent,absent,dna,dna,Norm,Yes,Absent,Absent,Abnorm,lt_normal,gt_normal,Norm,Absent,Norm,Absent,Norm,none,pot_severe,Absent,Abnorm,below_soil,lt_norm
28,rhizoctonia_root_rot,low_areas,Brown,same_lst_two_yrs,Junho,firm_and_dry,dna,Absent,dna,80_89%,Yes,None,Absent,Absent,absent,absent,dna,dna,Norm,Yes,Absent,Absent,Abnorm,lt_normal,gt_normal,Norm,Absent,Norm,Absent,Norm,none,pot_severe,Absent,Abnorm,below_soil,lt_norm
29,rhizoctonia_root_rot,low_areas,Brown,same_1st_yr,Maio,firm_and_dry,dna,Absent,dna,lt_80%,Yes,None,Absent,Absent,absent,absent,dna,dna,Norm,Yes,Absent,Absent,Abnorm,lt_normal,gt_normal,Norm,Absent,Norm,Absent,Norm,none,severe,Absent,Abnorm,below_soil,lt_norm
30,rhizoctonia_root_rot,low_areas,Brown,same_1st_yr,Junho,firm_and_dry,dna,Absent,dna,lt_80%,Yes,None,Absent,Absent,absent,absent,dna,dna,Norm,Yes,Absent,Absent,Abnorm,lt_normal,gt_normal,Norm,Absent,Norm,Absent,Norm,none,severe,Absent,Abnorm,below_soil,lt_norm
31,phytophthora_rot,low_areas,dk_brown_blk,same_1st_yr,Abril,firm_and_dry,dna,Absent,dna,90_100%,No,None,Absent,Absent,absent,absent,dna,dna,Abnorm,Yes,Absent,Absent,Abnorm,lt_normal,gt_normal,Norm,Absent,Norm,Absent,Norm,none,pot_severe,Absent,Abnorm,below_soil,norm
32,phytophthora_rot,low_areas,dk_brown_blk,same_lst_sev_yrs,Maio,Absent,Desconhecido,Desconhecido,Desconhecido,Desconhecido,Desconhecido,None,Absent,Absent,absent,absent,dna,dna,Abnorm,Desconhecido,Desconhecido,Absent,Abnorm,lt_normal,gt_normal,Rotted,Absent,Desconhecido,Desconhecido,Desconhecido,Desconhecido,Desconhecido,Desconhecido,Abnorm,Above_soil,norm
33,phytophthora_rot,low_areas,dk_brown_blk,same_lst_two_yrs,Junho,Absent,Desconhecido,Desconhecido,Desconhecido,Desconhecido,Desconhecido,None,Desconhecido,Desconhecido,Desconhecido,Desconhecido,Desconhecido,Desconhecido,Abnorm,Desconhecido,Desconhecido,Absent,Abnorm,lt_normal,gt_normal,Rotted,Absent,Desconhecido,Desconhecido,Desconhecido,Desconhecido,Desconhecido,Desconhecido,Abnorm,Above_sec_nde,gt_norm
34,phytophthora_rot,low_areas,dk_brown_blk,same_lst_two_yrs,Maio,Absent,dna,Absent,dna,80_89%,Yes,None,Absent,Absent,absent,absent,dna,dna,Abnorm,Yes,Absent,Absent,Abnorm,lt_normal,gt_normal,Norm,Absent,Norm,Absent,Norm,fungicida,severe,Absent,Abnorm,Above_soil,lt_norm
35,phytophthora_rot,low_areas,dk_brown_blk,same_lst_two_yrs,Junho,Absent,Desconhecido,Desconhecido,Desconhecido,Desconhecido,Desconhecido,None,Desconhecido,Desconhecido,Desconhecido,Desconhecido,Desconhecido,Desconhecido,Abnorm,Desconhecido,Desconhecido,Absent,Abnorm,lt_normal,gt_normal,Rotted,Absent,Desconhecido,Desconhecido,Desconhecido,Desconhecido,Desconhecido,Desconhecido,Abnorm,Above_soil,gt_norm
36,phytophthora_rot,low_areas,dk_brown_blk,same_lst_two_yrs,Julho,Absent,Desconhecido,Desconhecido,Desconhecido,Desconhecido,Desconhecido,None,Desconhecido,Desconhecido,Desconhecido,Desconhecido,Desconhecido,Desconhecido,Abnorm,Desconhecido,Desconhecido,Absent,Abnorm,lt_normal,gt_normal,Rotted,Absent,Desconhecido,Desconhecido,Desconhecido,Desconhecido,Desconhecido,Desconhecido,Abnorm,Above_sec_nde,norm
37,phytophthora_rot,low_areas,dk_brown_blk,same_1st_yr,Abril,Absent,dna,Absent,dna,90_100%,Yes,None,Absent,Absent,absent,absent,dna,dna,Abnorm,Yes,Absent,Absent,Abnorm,lt_normal,Normal,Norm,Absent,Norm,Absent,Norm,none,pot_severe,Absent,Abnorm,below_soil,norm
38,phytophthora_rot,low_areas,dk_brown_blk,same_lst_two_yrs,Julho,Absent,dna,Absent,dna,80_89%,Yes,None,Absent,Absent,absent,absent,dna,dna,Abnorm,Yes,Absent,Absent,Abnorm,lt_normal,gt_normal,Norm,Absent,Norm,Absent,Norm,fungicida,severe,Absent,Abnorm,Above_soil,lt_norm
39,phytophthora_rot,low_areas,dk_brown_blk,diff_1st_year,Junho,Absent,Desconhecido,Desconhecido,Desconhecido,Desconhecido,Desconhecido,None,Absent,Absent,absent,absent,dna,dna,Abnorm,Desconhecido,Desconhecido,Absent,Abnorm,lt_normal,Normal,Rotted,Absent,Desconhecido,Desconhecido,Desconhecido,Desconhecido,Desconhecido,Desconhecido,Abnorm,Above_soil,norm
40,phytophthora_rot,low_areas,dk_brown_blk,same_1st_yr,Junho,Absent,dna,Absent,dna,80_89%,Yes,None,Absent,Absent,absent,absent,dna,dna,Abnorm,Yes,Absent,Absent,Abnorm,lt_normal,gt_normal,Norm,Absent,Norm,Absent,Norm,none,severe,Absent,Abnorm,below_soil,lt_norm
41,phytophthora_rot,low_areas,dk_brown_blk,same_1st_yr,Junho,Absent,Desconhecido,Desconhecido,Desconhecido,Desconhecido,Desconhecido,None,Absent,Absent,absent,absent,dna,dna,Abnorm,Desconhecido,Desconhecido,Absent,Abnorm,lt_normal,gt_normal,Rotted,Absent,Desconhecido,Desconhecido,Desconhecido,Desconhecido,Desconhecido,Desconhecido,Abnorm,Above_soil,norm
42,phytophthora_rot,low_areas,dk_brown_blk,same_1st_yr,Maio,Absent,Desconhecido,Desconhecido,Desconhecido,Desconhecido,Desconhecido,None,Desconhecido,Desconhecido,Desconhecido,Desconhecido,Desconhecido,Desconhecido,Abnorm,Desconhecido,Desconhecido,Absent,Abnorm,lt_normal,gt_normal,Rotted,Absent,Desconhecido,Desconhecido,Desconhecido,Desconhecido,Desconhecido,Desconhecido,Abnorm,below_soil,norm
43,phytophthora_rot,low_areas,dk_brown_blk,same_lst_sev_yrs,Abril,Absent,dna,Absent,dna,90_100%,Yes,None,Absent,Absent,absent,absent,dna,dna,Abnorm,Yes,Absent,Absent,Abnorm,lt_normal,gt_normal,Norm,Absent,Norm,Absent,Norm,none,pot_severe,Absent,Abnorm,below_soil,norm
44,phytophthora_rot,low_areas,dk_brown_blk,same_lst_two_yrs,Abril,firm_and_dry,dna,Absent,dna,90_100%,No,None,Absent,Absent,absent,absent,dna,dna,Abnorm,No,Absent,Absent,Abnorm,lt_normal,Normal,Norm,Absent,Norm,Absent,Norm,fungicida,severe,Absent,Abnorm,Above_soil,norm
45,phytophthora_rot,low_areas,dk_brown_blk,same_1st_yr,Julho,Absent,dna,Absent,dna,90_100%,Yes,None,Absent,Absent,absent,absent,dna,dna,Abnorm,Yes,Absent,Absent,Abnorm,lt_normal,gt_normal,Norm,Absent,Norm,Absent,Norm,fungicida,severe,Absent,Abnorm,Above_soil,lt_norm
46,phytophthora_rot,low_areas,dk_brown_blk,same_lst_sev_yrs,Junho,Absent,Desconhecido,Desconhecido,Desconhecido,Desconhecido,Desconhecido,None,Desconhecido,Desconhecido,Desconhecido,Desconhecido,Desconhecido,Desconhecido,Abnorm,Desconhecido,Desconhecido,Absent,Abnorm,lt_normal,gt_normal,Rotted,Absent,Desconhecido,Desconhecido,Desconhecido,Desconhecido,Desconhecido,Desconhecido,Abnorm,Above_sec_nde,gt_norm
47,phytophthora_rot,low_areas,dk_brown_blk,same_lst_two_yrs,Abril,Absent,dna,Absent,dna,80_89%,Yes,None,Absent,Absent,absent,absent,dna,dna,Abnorm,Yes,Absent,Absent,Abnorm,lt_normal,gt_normal,Norm,Absent,Norm,Absent,Norm,none,pot_severe,Absent,Abnorm,below_soil,norm
48,phytophthora_rot,low_areas,dk_brown_blk,same_lst_two_yrs,Junho,Absent,Desconhecido,Desconhecido,Desconhecido,Desconhecido,Desconhecido,None,Absent,Absent,absent,absent,dna,dna,Abnorm,Desconhecido,Desconhecido,Absent,Abnorm,lt_normal,Normal,Rotted,Absent,Desconhecido,Desconhecido,Desconhecido,Desconhecido,Desconhecido,Desconhecido,Abnorm,Above_soil,gt_norm
49,phytophthora_rot,low_areas,dk_brown_blk,same_1st_yr,Junho,firm_and_dry,dna,Absent,dna,lt_80%,No,None,Absent,Absent,absent,absent,dna,dna,Abnorm,Yes,Absent,Absent,Abnorm,lt_normal,gt_normal,Norm,Absent,Norm,Absent,Norm,none,severe,Absent,Abnorm,below_soil,norm
50,phytophthora_rot,low_areas,dk_brown_blk,same_lst_sev_yrs,Abril,Absent,dna,Absent,dna,lt_80%,Yes,None,Absent,Absent,absent,absent,dna,dna,Abnorm,Yes,Absent,Absent,Abnorm,lt_normal,gt_normal,Norm,Absent,Norm,Absent,Norm,none,pot_severe,Absent,Abnorm,below_soil,norm
51,phytophthora_rot,low_areas,dk_brown_blk,diff_1st_year,Maio,Absent,dna,Absent,dna,80_89%,Yes,None,Absent,Absent,absent,absent,dna,dna,Abnorm,Yes,Absent,Absent,Abnorm,lt_normal,gt_normal,Norm,Absent,Norm,Absent,Norm,fungicida,severe,Absent,Abnorm,Above_soil,norm
52,phytophthora_rot,low_areas,dk_brown_blk,diff_1st_year,Maio,Absent,Desconhecido,Desconhecido,Desconhecido,Desconhecido,Desconhecido,None,Absent,Absent,absent,absent,dna,dna,Abnorm,Desconhecido,Desconhecido,Absent,Abnorm,lt_normal,gt_normal,Rotted,Absent,Desconhecido,Desconhecido,Desconhecido,Desconhecido,Desconhecido,Desconhecido,Abnorm,below_soil,norm
53,phytophthora_rot,low_areas,dk_brown_blk,same_1st_yr,Julho,Absent,Desconhecido,Desconhecido,Desconhecido,Desconhecido,Desconhecido,None,Desconhecido,Desconhecido,Desconhecido,Desconhecido,Desconhecido,Desconhecido,Abnorm,Desconhecido,Desconhecido,Absent,Abnorm,lt_normal,gt_normal,Rotted,Absent,Desconhecido,Desconhecido,Desconhecido,Desconhecido,Desconhecido,Desconhecido,Abnorm,Above_sec_nde,norm
54,phytophthora_rot,low_areas,dk_brown_blk,same_1st_yr,Junho,Absent,Desconhecido,Desconhecido,Desconhecido,Desconhecido,Desconhecido,None,Absent,Absent,absent,absent,dna,dna,Abnorm,Desconhecido,Desconhecido,Absent,Abnorm,lt_normal,gt_normal,Rotted,Absent,Desconhecido,Desconhecido,Desconhecido,Desconhecido,Desconhecido,Desconhecido,Abnorm,Above_sec_nde,norm
55,phytophthora_rot,low_areas,dk_brown_blk,same_lst_two_yrs,Julho,Absent,Desconhecido,Desconhecido,Desconhecido,Desconhecido,Desconhecido,None,Desconhecido,Desconhecido,Desconhecido,Desconhecido,Desconhecido,Desconhecido,Abnorm,Desconhecido,Desconhecido,Absent,Abnorm,lt_normal,gt_normal,Rotted,Absent,Desconhecido,Desconhecido,Desconhecido,Desconhecido,Desconhecido,Desconhecido,Abnorm,Above_soil,gt_norm
56,phytophthora_rot,low_areas,dk_brown_blk,same_lst_sev_yrs,Maio,firm_and_dry,dna,Absent,dna,80_89%,No,None,Absent,Absent,absent,absent,dna,dna,Abnorm,No,Absent,Absent,Abnorm,lt_normal,gt_normal,Norm,Absent,Norm,Absent,Norm,none,severe,Absent,Abnorm,below_soil,norm
57,phytophthora_rot,low_areas,dk_brown_blk,same_lst_sev_yrs,Julho,Absent,Desconhecido,Desconhecido,Desconhecido,Desconhecido,Desconhecido,None,Absent,Absent,absent,absent,dna,dna,Abnorm,Desconhecido,Desconhecido,Absent,Abnorm,lt_normal,Normal,Rotted,Absent,Desconhecido,Desconhecido,Desconhecido,Desconhecido,Desconhecido,Desconhecido,Abnorm,Above_soil,norm
58,phytophthora_rot,low_areas,dk_brown_blk,same_1st_yr,Junho,Absent,Desconhecido,Desconhecido,Desconhecido,Desconhecido,Desconhecido,None,Desconhecido,Desconhecido,Desconhecido,Desconhecido,Desconhecido,Desconhecido,Abnorm,Desconhecido,Desconhecido,Absent,Abnorm,lt_normal,gt_normal,Rotted,Absent,Desconhecido,Desconhecido,Desconhecido,Desconhecido,Desconhecido,Desconhecido,Abnorm,Above_soil,gt_norm
59,phytophthora_rot,low_areas,dk_brown_blk,same_lst_two_yrs,Julho,Absent,Desconhecido,Desconhecido,Desconhecido,Desconhecido,Desconhecido,None,Absent,Absent,absent,absent,dna,dna,Abnorm,Desconhecido,Desconhecido,Absent,Abnorm,lt_normal,Normal,Rotted,Absent,Desconhecido,Desconhecido,Desconhecido,Desconhecido,Desconhecido,Desconhecido,Abnorm,Above_soil,gt_norm
60,phytophthora_rot,low_areas,dk_brown_blk,same_1st_yr,Maio,Absent,Desconhecido,Desconhecido,Desconhecido,Desconhecido,Desconhecido,None,Desconhecido,Desconhecido,Desconhecido,Desconhecido,Desconhecido,Desconhecido,Abnorm,Desconhecido,Desconhecido,Absent,Abnorm,lt_normal,gt_normal,Rotted,Absent,Desconhecido,Desconhecido,Desconhecido,Desconhecido,Desconhecido,Desconhecido,Abnorm,below_soil,gt_norm
61,phytophthora_rot,low_areas,dk_brown_blk,same_lst_sev_yrs,Junho,Absent,Desconhecido,Desconhecido,Desconhecido,Desconhecido,Desconhecido,None,Absent,Absent,absent,absent,dna,dna,Abnorm,Desconhecido,Desconhecido,Absent,Abnorm,lt_normal,gt_normal,Rotted,Absent,Desconhecido,Desconhecido,Desconhecido,Desconhecido,Desconhecido,Desconhecido,Abnorm,Above_soil,gt_norm
62,phytophthora_rot,low_areas,dk_brown_blk,diff_1st_year,Julho,Absent,Desconhecido,Desconhecido,Desconhecido,Desconhecido,Desconhecido,None,Absent,Absent,absent,absent,dna,dna,Abnorm,Desconhecido,Desconhecido,Absent,Abnorm,lt_normal,Normal,Rotted,Absent,Desconhecido,Desconhecido,Desconhecido,Desconhecido,Desconhecido,Desconhecido,Abnorm,Above_sec_nde,norm
63,phytophthora_rot,low_areas,dk_brown_blk,same_1st_yr,Junho,Absent,dna,Absent,dna,90_100%,Yes,None,Absent,Absent,absent,absent,dna,dna,Abnorm,Yes,Absent,Absent,Abnorm,lt_normal,gt_normal,Norm,Absent,Norm,Absent,Norm,none,severe,Absent,Abnorm,below_soil,lt_norm
64,phytophthora_rot,low_areas,dk_brown_blk,same_1st_yr,Julho,Absent,Desconhecido,Desconhecido,Desconhecido,Desconhecido,Desconhecido,None,Absent,Absent,absent,absent,dna,dna,Abnorm,Desconhecido,Desconhecido,Absent,Abnorm,lt_normal,Normal,Rotted,Absent,Desconhecido,Desconhecido,Desconhecido,Desconhecido,Desconhecido,Desconhecido,Abnorm,Above_sec_nde,norm
65,phytophthora_rot,low_areas,dk_brown_blk,same_1st_yr,Junho,Absent,Desconhecido,Desconhecido,Desconhecido,Desconhecido,Desconhecido,None,Desconhecido,Desconhecido,Desconhecido,Desconhecido,Desconhecido,Desconhecido,Abnorm,Desconhecido,Desconhecido,Absent,Abnorm,lt_normal,gt_normal,Rotted,Absent,Desconhecido,Desconhecido,Desconhecido,Desconhecido,Desconhecido,Desconhecido,Abnorm,below_soil,gt_norm
66,phytophthora_rot,low_areas,dk_brown_blk,diff_1st_year,Maio,Absent,dna,Absent,dna,90_100%,Yes,None,Absent,Absent,absent,absent,dna,dna,Abnorm,Yes,Absent,Absent,Abnorm,lt_normal,gt_normal,Norm,Absent,Norm,Absent,Norm,fungicida,severe,Absent,Abnorm,Above_soil,lt_norm
67,phytophthora_rot,low_areas,dk_brown_blk,same_lst_two_yrs,Julho,Absent,Desconhecido,Desconhecido,Desconhecido,Desconhecido,Desconhecido,None,Desconhecido,Desconhecido,Desconhecido,Desconhecido,Desconhecido,Desconhecido,Abnorm,Desconhecido,Desconhecido,Absent,Abnorm,lt_normal,gt_normal,Rotted,Absent,Desconhecido,Desconhecido,Desconhecido,Desconhecido,Desconhecido,Desconhecido,Abnorm,Above_soil,norm
68,phytophthora_rot,low_areas,dk_brown_blk,same_lst_sev_yrs,Julho,Absent,Desconhecido,Desconhecido,Desconhecido,Desconhecido,Desconhecido,None,Desconhecido,Desconhecido,Desconhecido,Desconhecido,Desconhecido,Desconhecido,Abnorm,Desconhecido,Desconhecido,Absent,Abnorm,lt_normal,gt_normal,Rotted,Absent,Desconhecido,Desconhecido,Desconhecido,Desconhecido,Desconhecido,Desconhecido,Abnorm,Above_sec_nde,norm
69,phytophthora_rot,low_areas,dk_brown_blk,same_lst_two_yrs,Julho,Absent,dna,Absent,dna,lt_80%,Yes,None,Absent,Absent,absent,absent,dna,dna,Abnorm,Yes,Absent,Absent,Abnorm,lt_normal,Normal,Norm,Absent,Norm,Absent,Norm,fungicida,severe,Absent,Abnorm,Above_soil,lt_norm
70,phytophthora_rot,low_areas,dk_brown_blk,same_lst_two_yrs,Julho,Absent,Desconhecido,Desconhecido,Desconhecido,Desconhecido,Desconhecido,None,Desconhecido,Desconhecido,Desconhecido,Desconhecido,Desconhecido,Desconhecido,Abnorm,Desconhecido,Desconhecido,Absent,Abnorm,lt_normal,gt_normal,Rotted,Absent,Desconhecido,Desconhecido,Desconhecido,Desconhecido,Desconhecido,Desconhecido,Abnorm,Above_sec_nde,gt_norm
71,brown_stem_rot,whole_field,dna,same_1st_yr,Agosto,Absent,Absent,Absent,Norm,lt_80%,Yes,Brown,Absent,Absent,absent,absent,dna,dna,Abnorm,Yes,Absent,Absent,Norm,Normal,lt_normal,Norm,Absent,Norm,Absent,Norm,fungicida,pot_severe,Absent,Abnorm,Absent,norm
72,brown_stem_rot,whole_field,dna,same_1st_yr,Agosto,Absent,Absent,Absent,Norm,lt_80%,Yes,Brown,Absent,Absent,absent,absent,dna,dna,Abnorm,Yes,Absent,Absent,Norm,Normal,lt_normal,Norm,Absent,Norm,Absent,Norm,fungicida,pot_severe,Absent,Abnorm,Absent,norm
73,brown_stem_rot,scattered,tan,same_lst_sev_yrs,Julho,Absent,dna,Absent,Norm,lt_80%,Yes,Brown,Absent,Absent,absent,absent,dna,dna,Norm,Yes,Absent,Absent,Abnorm,lt_normal,lt_normal,Norm,Absent,Norm,Absent,Norm,fungicida,pot_severe,Absent,Abnorm,Absent,lt_norm
74,brown_stem_rot,whole_field,dna,same_1st_yr,Setembro,Absent,Absent,Absent,Norm,lt_80%,Yes,Brown,Absent,Absent,absent,absent,dna,dna,Abnorm,Yes,Absent,Absent,Norm,Normal,lt_normal,Norm,Absent,Norm,Absent,Norm,fungicida,pot_severe,Absent,Abnorm,Absent,gt_norm
75,brown_stem_rot,whole_field,dna,same_lst_two_yrs,Setembro,Absent,Absent,Absent,Norm,80_89%,Yes,Brown,Absent,Absent,absent,absent,dna,dna,Abnorm,Yes,Absent,Absent,Norm,Normal,lt_normal,Norm,Absent,Norm,Absent,Norm,fungicida,pot_severe,Absent,Abnorm,Absent,gt_norm
76,brown_stem_rot,upper_areas,dna,same_lst_sev_yrs,Agosto,Absent,Absent,Absent,Norm,80_89%,Yes,Brown,Absent,Absent,absent,absent,dna,dna,Abnorm,Yes,Absent,Absent,Norm,Normal,lt_normal,Norm,Absent,Norm,Absent,Norm,none,pot_severe,Absent,Abnorm,Absent,norm
77,brown_stem_rot,whole_field,tan,same_lst_sev_yrs,Setembro,Absent,dna,Absent,Norm,lt_80%,No,Brown,Absent,Absent,absent,no_yellow_halos,gt_1/8,w_s_marg,Abnorm,No,Absent,Absent,Abnorm,Normal,lt_normal,Norm,Absent,Norm,Absent,Norm,none,pot_severe,Absent,Abnorm,Absent,norm
78,brown_stem_rot,scattered,tan,same_lst_two_yrs,Outubro,Absent,dna,Absent,Norm,90_100%,No,Brown,Absent,Absent,absent,absent,gt_1/8,dna,Norm,No,Absent,Absent,Abnorm,Normal,Normal,Norm,Absent,Norm,Absent,Norm,fungicida,pot_severe,Absent,Abnorm,Absent,norm
79,brown_stem_rot,upper_areas,tan,same_lst_sev_yrs,Setembro,Absent,dna,Absent,Norm,90_100%,Yes,Brown,Absent,Absent,absent,absent,dna,dna,Abnorm,No,Absent,Absent,Abnorm,lt_normal,lt_normal,Norm,Absent,Norm,Absent,Norm,none,pot_severe,Absent,Abnorm,Absent,lt_norm
80,brown_stem_rot,whole_field,tan,same_1st_yr,Setembro,Absent,dna,Absent,Norm,90_100%,Yes,Brown,Absent,Absent,absent,no_yellow_halos,gt_1/8,w_s_marg,Abnorm,No,Absent,Absent,Abnorm,lt_normal,lt_normal,Norm,Absent,Norm,Absent,Norm,fungicida,pot_severe,Absent,Abnorm,Absent,norm
81,brown_stem_rot,whole_field,tan,same_lst_two_yrs,Agosto,Absent,dna,Absent,Norm,lt_80%,No,Brown,Absent,Absent,absent,absent,dna,dna,Norm,No,Absent,Absent,Abnorm,Normal,Normal,Norm,Absent,Norm,Absent,Norm,fungicida,pot_severe,Absent,Abnorm,Absent,lt_norm
82,brown_stem_rot,upper_areas,tan,same_lst_sev_yrs,Agosto,Absent,dna,Absent,Norm,80_89%,Yes,Brown,Absent,Absent,absent,no_yellow_halos,gt_1/8,w_s_marg,Abnorm,No,Absent,Absent,Abnorm,lt_normal,lt_normal,Norm,Absent,Norm,Absent,Norm,fungicida,pot_severe,Absent,Abnorm,Absent,lt_norm
83,brown_stem_rot,scattered,dna,same_lst_two_yrs,Agosto,Absent,Absent,Absent,Norm,90_100%,Yes,Brown,Absent,Absent,absent,absent,dna,dna,Abnorm,Yes,Absent,Absent,Norm,Normal,lt_normal,Norm,Absent,Norm,Absent,Norm,fungicida,pot_severe,Absent,Abnorm,Absent,norm
84,brown_stem_rot,scattered,tan,same_lst_two_yrs,Julho,Absent,dna,Absent,Norm,80_89%,Yes,Brown,Absent,Absent,absent,no_yellow_halos,gt_1/8,w_s_marg,Abnorm,Yes,Absent,Absent,Abnorm,lt_normal,lt_normal,Norm,Absent,Norm,Absent,Norm,none,severe,Absent,Abnorm,Absent,lt_norm
85,brown_stem_rot,upper_areas,dna,same_lst_sev_yrs,Setembro,Absent,Absent,Absent,Norm,80_89%,Yes,Brown,Absent,Absent,absent,absent,dna,dna,Abnorm,Yes,Absent,Absent,Norm,Normal,lt_normal,Norm,Absent,Norm,Absent,Norm,none,pot_severe,Absent,Abnorm,Absent,norm
86,brown_stem_rot,whole_field,dna,same_lst_sev_yrs,Agosto,Absent,Absent,Absent,Norm,90_100%,Yes,Brown,Absent,Absent,absent,absent,dna,dna,Abnorm,Yes,Absent,Absent,Norm,Normal,lt_normal,Norm,Absent,Norm,Absent,Norm,fungicida,pot_severe,Absent,Abnorm,Absent,norm
87,brown_stem_rot,upper_areas,dna,same_lst_sev_yrs,Agosto,Absent,Absent,Absent,Norm,lt_80%,Yes,Brown,Absent,Absent,absent,absent,dna,dna,Abnorm,Yes,Absent,Absent,Norm,Normal,lt_normal,Norm,Absent,Norm,Absent,Norm,none,pot_severe,Absent,Abnorm,Absent,norm
88,brown_stem_rot,upper_areas,dna,same_1st_yr,Agosto,Absent,Absent,Absent,Norm,lt_80%,Yes,Brown,Absent,Absent,absent,absent,dna,dna,Abnorm,Yes,Absent,Absent,Norm,Normal,lt_normal,Norm,Absent,Norm,Absent,Norm,fungicida,pot_severe,Absent,Abnorm,Absent,norm
89,brown_stem_rot,upper_areas,dna,same_1st_yr,Agosto,Absent,Absent,Absent,Norm,90_100%,Yes,Brown,Absent,Absent,absent,absent,dna,dna,Abnorm,Yes,Absent,Absent,Norm,Normal,lt_normal,Norm,Absent,Norm,Absent,Norm,none,pot_severe,Absent,Abnorm,Absent,norm
90,brown_stem_rot,upper_areas,dna,same_lst_sev_yrs,Julho,Absent,Absent,Absent,Norm,90_100%,Yes,Brown,Absent,Absent,absent,absent,dna,dna,Abnorm,Yes,Absent,Absent,Norm,Normal,lt_normal,Norm,Absent,Norm,Absent,Norm,none,pot_severe,Absent,Abnorm,Absent,norm
91,powdery_mildew,whole_field,dna,same_lst_sev_yrs,Setembro,Absent,Absent,Absent,Norm,80_89%,No,None,Absent,Upper_surf,absent,absent,dna,dna,Abnorm,Yes,Absent,Absent,Norm,Normal,lt_normal,Norm,Absent,Norm,Absent,Norm,none,pot_severe,Absent,Norm,Absent,norm
92,powdery_mildew,scattered,dna,diff_1st_year,Outubro,Absent,Absent,Absent,Norm,lt_80%,No,None,Absent,Upper_surf,absent,absent,dna,dna,Abnorm,Yes,Absent,Absent,Norm,Normal,Normal,Norm,Absent,Norm,Absent,Norm,fungicida,Minor,Absent,Norm,Absent,lt_norm
93,powdery_mildew,whole_field,dna,same_lst_sev_yrs,Maio,Absent,Absent,Absent,Norm,90_100%,Yes,None,Absent,Upper_surf,absent,absent,dna,dna,Abnorm,Yes,Absent,Absent,Norm,lt_normal,lt_normal,Norm,Absent,Norm,Absent,Norm,Outros,pot_severe,Absent,Norm,Absent,norm
94,powdery_mildew,upper_areas,dna,same_lst_two_yrs,Outubro,Absent,Absent,Absent,Norm,lt_80%,Yes,None,Absent,Upper_surf,absent,absent,dna,dna,Abnorm,Yes,Absent,Absent,Norm,lt_normal,Normal,Norm,Absent,Norm,Absent,Norm,fungicida,Minor,Absent,Norm,Absent,lt_norm
95,powdery_mildew,upper_areas,dna,same_lst_two_yrs,Agosto,Absent,Absent,Absent,Norm,90_100%,Yes,None,Absent,Upper_surf,absent,absent,dna,dna,Abnorm,Yes,Absent,Absent,Norm,lt_normal,Normal,Norm,Absent,Norm,Absent,Norm,Outros,Minor,Absent,Norm,Absent,lt_norm
96,powdery_mildew,low_areas,dna,same_1st_yr,Outubro,Absent,Absent,Absent,Norm,lt_80%,No,None,Absent,Upper_surf,absent,absent,dna,dna,Abnorm,Yes,Absent,Absent,Norm,Normal,lt_normal,Norm,Absent,Norm,Absent,Norm,none,pot_severe,Absent,Norm,Absent,norm
97,powdery_mildew,upper_areas,dna,same_lst_two_yrs,Junho,Absent,Absent,Absent,Norm,80_89%,Yes,None,Absent,Upper_surf,absent,absent,dna,dna,Abnorm,Yes,Absent,Absent,Norm,lt_normal,Normal,Norm,Absent,Norm,Absent,Norm,none,Minor,Absent,Norm,Absent,lt_norm
98,powdery_mildew,low_areas,dna,same_1st_yr,Outubro,Absent,Absent,Absent,Norm,lt_80%,Yes,None,Absent,Upper_surf,absent,absent,dna,dna,Abnorm,Yes,Absent,Absent,Norm,lt_normal,lt_normal,Norm,Absent,Norm,Absent,Norm,fungicida,pot_severe,Absent,Norm,Absent,norm
99,powdery_mildew,low_areas,dna,same_1st_yr,Setembro,Absent,Absent,Absent,Norm,80_89%,Yes,None,Absent,Upper_surf,absent,absent,dna,dna,Abnorm,Yes,Absent,Absent,Norm,lt_normal,lt_normal,Norm,Absent,Norm,Absent,Norm,none,pot_severe,Absent,Norm,Absent,norm
100,powdery_mildew,low_areas,dna,same_1st_yr,Maio,Absent,Absent,Absent,Norm,90_100%,Yes,None,Absent,Upper_surf,absent,absent,dna,dna,Abnorm,Yes,Absent,Absent,Norm,lt_normal,lt_normal,Norm,Absent,Norm,Absent,Norm,Outros,pot_severe,Absent,Norm,Absent,norm
101,downy_mildew,low_areas,dna,same_lst_two_yrs,Outubro,Absent,Absent,Absent,Norm,lt_80%,No,None,Present,Lower_surf,absent,no_yellow_halos,gt_1/8,w_s_marg,Abnorm,Yes,Present,Absent,Norm,Normal,gt_normal,Norm,Absent,Abnorm,Absent,Norm,fungicida,Minor,Absent,Norm,Absent,lt_norm
102,downy_mildew,low_areas,dna,same_1st_yr,Junho,Absent,Absent,Absent,Norm,lt_80%,No,None,Present,Lower_surf,absent,no_yellow_halos,gt_1/8,w_s_marg,Abnorm,Yes,Present,Absent,Norm,Normal,gt_normal,Norm,Absent,Abnorm,Absent,Norm,fungicida,pot_severe,Absent,Norm,Absent,norm
103,downy_mildew,upper_areas,dna,same_lst_sev_yrs,Maio,Absent,Absent,Absent,Norm,80_89%,No,None,Absent,Lower_surf,absent,yellow_halos,gt_1/8,w_s_marg,Abnorm,Yes,Present,Absent,Norm,Normal,gt_normal,Norm,Absent,Abnorm,Absent,Norm,none,pot_severe,Absent,Norm,Absent,norm
104,downy_mildew,upper_areas,dna,same_lst_two_yrs,Agosto,Absent,Absent,Absent,Norm,80_89%,Yes,None,Present,Lower_surf,absent,yellow_halos,gt_1/8,w_s_marg,Abnorm,Yes,Present,Absent,Norm,lt_normal,gt_normal,Norm,Absent,Abnorm,Absent,Norm,none,pot_severe,Absent,Norm,Absent,gt_norm
105,downy_mildew,scattered,dna,diff_1st_year,Maio,Absent,Absent,Absent,Norm,80_89%,No,None,Absent,Lower_surf,absent,yellow_halos,gt_1/8,w_s_marg,Abnorm,Yes,Present,Absent,Norm,Normal,gt_normal,Norm,Absent,Abnorm,Absent,Norm,none,pot_severe,Absent,Norm,Absent,lt_norm
106,downy_mildew,scattered,dna,same_lst_sev_yrs,Junho,Absent,Absent,Absent,Norm,80_89%,Yes,None,Absent,Lower_surf,absent,yellow_halos,gt_1/8,w_s_marg,Abnorm,Yes,Present,Absent,Norm,lt_normal,gt_normal,Norm,Absent,Abnorm,Absent,Norm,none,pot_severe,Absent,Norm,Absent,lt_norm
107,downy_mildew,scattered,dna,same_lst_two_yrs,Junho,Absent,Absent,Absent,Norm,80_89%,Yes,None,Absent,Lower_surf,absent,no_yellow_halos,gt_1/8,w_s_marg,Abnorm,Yes,Present,Absent,Norm,lt_normal,gt_normal,Norm,Absent,Abnorm,Absent,Norm,none,pot_severe,Absent,Norm,Absent,norm
108,downy_mildew,low_areas,dna,same_lst_two_yrs,Agosto,Absent,Absent,Absent,Norm,lt_80%,Yes,None,Absent,Lower_surf,absent,yellow_halos,gt_1/8,w_s_marg,Abnorm,Yes,Present,Absent,Norm,lt_normal,gt_normal,Norm,Absent,Abnorm,Absent,Norm,fungicida,Minor,Absent,Norm,Absent,gt_norm
109,downy_mildew,upper_areas,dna,same_1st_yr,Agosto,Absent,Absent,Absent,Norm,80_89%,Yes,None,Absent,Lower_surf,absent,no_yellow_halos,gt_1/8,w_s_marg,Abnorm,Yes,Present,Absent,Norm,lt_normal,gt_normal,Norm,Absent,Abnorm,Absent,Norm,none,pot_severe,Absent,Norm,Absent,lt_norm
110,downy_mildew,upper_areas,dna,same_lst_sev_yrs,Setembro,Absent,Absent,Absent,Norm,80_89%,Yes,None,Absent,Lower_surf,absent,yellow_halos,gt_1/8,w_s_marg,Abnorm,Yes,Present,Absent,Norm,lt_normal,gt_normal,Norm,Absent,Abnorm,Absent,Norm,none,pot_severe,Absent,Norm,Absent,norm
111,brown_spot,whole_field,dna,same_lst_sev_yrs,Maio,Absent,Absent,Absent,Norm,lt_80%,No,None,Absent,Absent,absent,no_yellow_halos,gt_1/8,w_s_marg,Abnorm,Yes,Absent,Absent,Abnorm,lt_normal,gt_normal,Norm,Absent,Norm,Absent,Norm,none,pot_severe,Absent,Norm,Absent,gt_norm
112,brown_spot,whole_field,dna,same_lst_two_yrs,Junho,Absent,Absent,Absent,Norm,80_89%,Yes,None,Absent,Absent,absent,no_yellow_halos,gt_1/8,w_s_marg,Abnorm,Yes,Absent,Absent,Norm,Normal,gt_normal,Norm,Absent,Norm,Absent,Norm,fungicida,pot_severe,Absent,Norm,Absent,norm
113,brown_spot,whole_field,dna,same_lst_two_yrs,Junho,Absent,Absent,Absent,Norm,90_100%,Yes,None,Absent,Absent,Present,no_yellow_halos,gt_1/8,w_s_marg,Abnorm,Yes,Absent,Absent,Norm,Normal,gt_normal,Norm,Absent,Norm,Absent,Norm,fungicida,pot_severe,Absent,Norm,Absent,norm
114,brown_spot,scattered,dna,same_1st_yr,Junho,Absent,Absent,Absent,Norm,90_100%,Yes,None,Absent,Absent,Present,no_yellow_halos,gt_1/8,w_s_marg,Abnorm,Yes,Absent,Absent,Norm,Normal,gt_normal,Norm,Absent,Norm,Absent,Norm,Outros,pot_severe,Absent,Norm,Absent,norm
115,brown_spot,whole_field,dna,same_lst_sev_yrs,Maio,Absent,Absent,Absent,Norm,80_89%,No,None,Absent,Absent,absent,no_yellow_halos,gt_1/8,w_s_marg,Abnorm,Yes,Absent,Absent,Abnorm,lt_normal,gt_normal,Norm,Absent,Norm,Absent,Norm,fungicida,pot_severe,Absent,Norm,Absent,gt_norm
116,brown_spot,whole_field,dna,same_lst_two_yrs,Maio,Absent,Absent,Absent,Norm,lt_80%,Yes,None,Absent,Absent,Present,no_yellow_halos,gt_1/8,w_s_marg,Abnorm,Yes,Absent,Absent,Norm,lt_normal,gt_normal,Norm,Absent,Norm,Absent,Norm,none,pot_severe,Absent,Norm,Absent,norm
117,brown_spot,whole_field,dna,same_lst_sev_yrs,Abril,Absent,Absent,Absent,Norm,80_89%,No,None,Absent,Absent,absent,no_yellow_halos,gt_1/8,w_s_marg,Abnorm,Yes,Absent,Absent,Norm,lt_normal,gt_normal,Norm,Absent,Norm,Absent,Norm,Outros,pot_severe,Absent,Norm,Absent,gt_norm
118,brown_spot,whole_field,dna,same_lst_two_yrs,Junho,Absent,Absent,Absent,Norm,90_100%,Yes,None,Absent,Absent,Present,no_yellow_halos,gt_1/8,w_s_marg,Abnorm,Yes,Absent,Absent,Norm,Normal,gt_normal,Norm,Absent,Norm,Absent,Norm,none,pot_severe,Absent,Norm,Absent,norm
119,brown_spot,whole_field,dna,same_lst_two_yrs,Maio,Absent,Absent,Absent,Norm,80_89%,Yes,None,Absent,Absent,Present,no_yellow_halos,gt_1/8,w_s_marg,Abnorm,Yes,Absent,Absent,Norm,Normal,gt_normal,Norm,Absent,Norm,Absent,Norm,fungicida,pot_severe,Absent,Norm,Absent,norm
120,brown_spot,whole_field,dna,same_lst_sev_yrs,Junho,Absent,Absent,Absent,Norm,lt_80%,Yes,None,Absent,Absent,Present,no_yellow_halos,gt_1/8,w_s_marg,Abnorm,Yes,Absent,Absent,Norm,lt_normal,gt_normal,Norm,Absent,Norm,Absent,Norm,none,pot_severe,Absent,Norm,Absent,norm
121,brown_spot,upper_areas,Brown,same_lst_two_yrs,Setembro,Absent,Absent,Present,Norm,80_89%,Yes,None,Absent,Absent,absent,no_yellow_halos,gt_1/8,w_s_marg,Abnorm,Yes,Absent,Absent,Norm,Normal,gt_normal,Norm,Absent,Norm,Absent,Norm,none,pot_severe,Absent,Abnorm,Above_sec_nde,norm
122,brown_spot,whole_field,dna,same_lst_sev_yrs,Maio,Absent,Absent,Absent,Norm,lt_80%,Yes,None,Absent,Absent,Present,no_yellow_halos,gt_1/8,w_s_marg,Abnorm,Yes,Absent,Absent,Norm,lt_normal,gt_normal,Norm,Absent,Norm,Absent,Norm,fungicida,pot_severe,Absent,Norm,Absent,norm
123,brown_spot,whole_field,dna,same_lst_sev_yrs,Maio,Absent,Absent,Absent,Norm,90_100%,Yes,None,Absent,Absent,Present,no_yellow_halos,gt_1/8,w_s_marg,Abnorm,Yes,Absent,Absent,Norm,Normal,gt_normal,Norm,Absent,Norm,Absent,Norm,Outros,pot_severe,Absent,Norm,Absent,norm
124,brown_spot,whole_field,Brown,same_1st_yr,Agosto,Absent,Absent,Present,Norm,90_100%,Yes,None,Absent,Absent,Present,no_yellow_halos,gt_1/8,w_s_marg,Abnorm,Yes,Absent,Absent,Norm,Normal,gt_normal,Norm,Absent,Norm,Absent,Norm,none,pot_severe,Absent,Abnorm,Above_sec_nde,norm
125,brown_spot,whole_field,dna,same_lst_two_yrs,Maio,Absent,Absent,Absent,Norm,80_89%,Yes,None,Absent,Absent,Present,no_yellow_halos,gt_1/8,w_s_marg,Abnorm,Yes,Absent,Absent,Norm,Normal,gt_normal,Norm,Absent,Norm,Absent,Norm,none,pot_severe,Absent,Norm,Absent,norm
126,brown_spot,whole_field,Brown,same_lst_sev_yrs,Agosto,Absent,Absent,Present,Norm,lt_80%,Yes,None,Absent,Absent,absent,no_yellow_halos,gt_1/8,w_s_marg,Abnorm,Yes,Absent,Absent,Norm,lt_normal,gt_normal,Norm,Absent,Norm,Absent,Norm,none,pot_severe,Absent,Abnorm,Above_sec_nde,norm
127,brown_spot,whole_field,dna,same_lst_sev_yrs,Junho,Absent,Absent,Absent,Norm,90_100%,Yes,None,Absent,Absent,Present,no_yellow_halos,gt_1/8,w_s_marg,Abnorm,Yes,Absent,Absent,Norm,Normal,gt_normal,Norm,Absent,Norm,Absent,Norm,none,pot_severe,Absent,Norm,Absent,norm
128,brown_spot,upper_areas,dna,same_lst_two_yrs,Abril,Absent,Absent,Absent,Norm,80_89%,No,None,Absent,Absent,absent,no_yellow_halos,gt_1/8,w_s_marg,Abnorm,Yes,Absent,Absent,Abnorm,lt_normal,Normal,Norm,Absent,Norm,Absent,Norm,Outros,Minor,Absent,Norm,Absent,norm
129,brown_spot,scattered,dna,same_lst_two_yrs,Maio,Absent,Absent,Absent,Norm,lt_80%,No,None,Absent,Absent,absent,no_yellow_halos,gt_1/8,w_s_marg,Abnorm,Yes,Absent,Absent,Norm,lt_normal,Normal,Norm,Absent,Norm,Absent,Norm,none,Minor,Absent,Norm,Absent,norm
130,brown_spot,scattered,dna,same_1st_yr,Maio,Absent,Absent,Absent,Norm,lt_80%,Yes,None,Absent,Absent,Present,no_yellow_halos,gt_1/8,w_s_marg,Abnorm,Yes,Absent,Absent,Norm,lt_normal,gt_normal,Norm,Absent,Norm,Absent,Norm,Outros,pot_severe,Absent,Norm,Absent,norm
131,brown_spot,whole_field,Brown,same_1st_yr,Maio,Absent,Absent,Present,Norm,90_100%,Yes,None,Absent,Absent,absent,no_yellow_halos,gt_1/8,w_s_marg,Abnorm,Yes,Absent,Absent,Norm,Normal,gt_normal,Norm,Absent,Norm,Absent,Norm,none,pot_severe,Absent,Abnorm,Above_sec_nde,norm
132,brown_spot,whole_field,dna,same_lst_sev_yrs,Junho,Absent,Absent,Absent,Norm,80_89%,Yes,None,Absent,Absent,Present,no_yellow_halos,gt_1/8,w_s_marg,Abnorm,Yes,Absent,Absent,Norm,Normal,gt_normal,Norm,Absent,Norm,Absent,Norm,fungicida,pot_severe,Absent,Norm,Absent,norm
133,brown_spot,whole_field,tan,same_lst_two_yrs,Julho,firm_and_dry,Absent,Present,Norm,80_89%,Yes,None,Absent,Absent,absent,no_yellow_halos,gt_1/8,w_s_marg,Abnorm,Yes,Absent,Absent,Norm,Normal,gt_normal,Norm,Absent,Norm,Absent,Norm,Outros,severe,Absent,Abnorm,Absent,norm
134,brown_spot,low_areas,dna,same_lst_sev_yrs,Junho,Absent,Absent,Absent,Norm,90_100%,No,None,Absent,Absent,absent,no_yellow_halos,gt_1/8,w_s_marg,Abnorm,Yes,Absent,Absent,Abnorm,lt_normal,gt_normal,Norm,Absent,Norm,Absent,Norm,fungicida,pot_severe,Absent,Norm,Absent,gt_norm
135,brown_spot,whole_field,dna,same_lst_two_yrs,Maio,Absent,Absent,Absent,Norm,90_100%,Yes,None,Absent,Absent,Present,no_yellow_halos,gt_1/8,w_s_marg,Abnorm,Yes,Absent,Absent,Norm,Normal,gt_normal,Norm,Absent,Norm,Absent,Norm,Outros,pot_severe,Absent,Norm,Absent,norm
136,brown_spot,whole_field,dna,same_lst_two_yrs,Maio,Absent,Absent,Absent,Norm,lt_80%,Yes,None,Absent,Absent,Present,no_yellow_halos,gt_1/8,w_s_marg,Abnorm,Yes,Absent,Absent,Norm,lt_normal,gt_normal,Norm,Absent,Norm,Absent,Norm,none,pot_severe,Absent,Norm,Absent,norm
137,brown_spot,whole_field,Brown,same_1st_yr,Setembro,Absent,Absent,Present,Norm,90_100%,Yes,None,Absent,Absent,Present,no_yellow_halos,gt_1/8,w_s_marg,Abnorm,Yes,Absent,Absent,Norm,Normal,gt_normal,Norm,Absent,Norm,Absent,Norm,none,pot_severe,Absent,Abnorm,Above_sec_nde,norm
138,brown_spot,upper_areas,Brown,same_lst_two_yrs,Agosto,Absent,Colored,Present,Norm,lt_80%,No,None,Absent,Absent,absent,no_yellow_halos,gt_1/8,w_s_marg,Abnorm,Yes,Absent,Absent,Norm,lt_normal,Normal,Norm,Absent,Norm,Absent,Norm,none,Minor,Absent,Abnorm,Above_sec_nde,norm
139,brown_spot,whole_field,Brown,same_1st_yr,Julho,Absent,Absent,Present,Norm,lt_80%,Yes,None,Absent,Absent,Present,no_yellow_halos,gt_1/8,w_s_marg,Abnorm,Yes,Absent,Absent,Norm,lt_normal,gt_normal,Norm,Absent,Norm,Absent,Norm,none,pot_severe,Absent,Abnorm,Above_sec_nde,norm
140,brown_spot,whole_field,dna,same_lst_sev_yrs,Maio,Absent,Absent,Absent,Norm,90_100%,Yes,None,Absent,Absent,absent,no_yellow_halos,gt_1/8,w_s_marg,Abnorm,Yes,Absent,Absent,Norm,Normal,gt_normal,Norm,Absent,Norm,Absent,Norm,none,pot_severe,Absent,Norm,Absent,norm
141,brown_spot,whole_field,tan,same_lst_two_yrs,Agosto,firm_and_dry,Absent,Present,Norm,80_89%,Yes,None,Absent,Absent,absent,no_yellow_halos,gt_1/8,w_s_marg,Abnorm,Yes,Absent,Absent,Norm,Normal,gt_normal,Norm,Absent,Norm,Absent,Norm,fungicida,severe,Absent,Abnorm,Absent,norm
142,brown_spot,whole_field,dna,same_lst_two_yrs,Junho,Absent,Absent,Absent,Norm,lt_80%,Yes,None,Absent,Absent,absent,no_yellow_halos,gt_1/8,w_s_marg,Abnorm,Yes,Absent,Absent,Norm,lt_normal,gt_normal,Norm,Absent,Norm,Absent,Norm,none,pot_severe,Absent,Norm,Absent,norm
143,brown_spot,scattered,dna,diff_1st_year,Junho,Absent,Absent,Absent,Norm,90_100%,No,None,Absent,Absent,absent,no_yellow_halos,gt_1/8,w_s_marg,Abnorm,Yes,Absent,Absent,Norm,lt_normal,Normal,Norm,Absent,Norm,Absent,Norm,fungicida,pot_severe,Absent,Norm,Absent,norm
144,brown_spot,low_areas,Brown,same_lst_sev_yrs,Julho,Absent,Absent,Present,Norm,lt_80%,Yes,None,Absent,Absent,absent,no_yellow_halos,gt_1/8,w_s_marg,Abnorm,Yes,Absent,Absent,Norm,lt_normal,gt_normal,Norm,Absent,Norm,Absent,Norm,none,pot_severe,Absent,Abnorm,Above_sec_nde,norm
145,brown_spot,whole_field,tan,same_lst_sev_yrs,Julho,firm_and_dry,Absent,Present,Norm,90_100%,Yes,None,Absent,Absent,absent,no_yellow_halos,gt_1/8,w_s_marg,Abnorm,Yes,Absent,Absent,Norm,Normal,gt_normal,Norm,Absent,Norm,Absent,Norm,Outros,severe,Absent,Abnorm,Absent,norm
146,brown_spot,upper_areas,Brown,same_lst_two_yrs,Junho,Absent,Absent,Present,Norm,80_89%,Yes,None,Absent,Absent,absent,no_yellow_halos,gt_1/8,w_s_marg,Abnorm,Yes,Absent,Absent,Norm,Normal,gt_normal,Norm,Absent,Norm,Absent,Norm,none,pot_severe,Absent,Abnorm,Above_sec_nde,norm
147,brown_spot,low_areas,dna,same_lst_sev_yrs,Julho,Absent,Absent,Absent,Norm,90_100%,Yes,None,Absent,Absent,Present,no_yellow_halos,gt_1/8,w_s_marg,Abnorm,Yes,Absent,Absent,Norm,Normal,gt_normal,Norm,Absent,Norm,Absent,Norm,none,pot_severe,Absent,Norm,Absent,norm
148,brown_spot,low_areas,Brown,same_lst_sev_yrs,Julho,Absent,Absent,Present,Norm,lt_80%,Yes,None,Absent,Absent,Present,no_yellow_halos,gt_1/8,w_s_marg,Abnorm,Yes,Absent,Absent,Norm,lt_normal,gt_normal,Norm,Absent,Norm,Absent,Norm,none,pot_severe,Absent,Abnorm,Above_sec_nde,norm
149,brown_spot,whole_field,dna,same_lst_sev_yrs,Junho,Absent,Absent,Absent,Norm,lt_80%,Yes,None,Absent,Absent,Present,no_yellow_halos,gt_1/8,w_s_marg,Abnorm,Yes,Absent,Absent,Norm,lt_normal,gt_normal,Norm,Absent,Norm,Absent,Norm,Outros,severe,Absent,Norm,Absent,norm
150,brown_spot,whole_field,tan,same_lst_sev_yrs,Setembro,firm_and_dry,Absent,Present,Norm,lt_80%,Yes,None,Absent,Absent,absent,no_yellow_halos,gt_1/8,w_s_marg,Abnorm,Yes,Absent,Absent,Norm,lt_normal,gt_normal,Norm,Absent,Norm,Absent,Norm,none,severe,Absent,Abnorm,Absent,norm
151,bacterial_blight,whole_field,dna,same_lst_sev_yrs,Setembro,Absent,Absent,Absent,Norm,90_100%,No,None,Absent,Absent,Present,no_yellow_halos,lt_1/8,w_s_marg,Abnorm,Yes,Absent,Absent,Norm,Normal,gt_normal,Norm,Absent,Norm,Absent,Norm,fungicida,pot_severe,Absent,Norm,Absent,norm
152,bacterial_blight,whole_field,dna,same_lst_two_yrs,Agosto,Absent,Absent,Absent,Norm,80_89%,No,None,Absent,Absent,Present,no_yellow_halos,lt_1/8,w_s_marg,Abnorm,Yes,Absent,Absent,Norm,Normal,gt_normal,Norm,Absent,Norm,Absent,Norm,fungicida,pot_severe,Absent,Norm,Absent,gt_norm
153,bacterial_blight,scattered,dna,diff_1st_year,Junho,Absent,Absent,Absent,Norm,90_100%,Yes,None,Absent,Absent,absent,yellow_halos,lt_1/8,w_s_marg,Abnorm,Yes,Absent,Absent,Norm,Normal,Normal,Norm,Absent,Norm,Absent,Norm,none,Minor,Absent,Norm,Absent,norm
154,bacterial_blight,upper_areas,dna,same_1st_yr,Julho,Absent,Absent,Absent,Norm,90_100%,Yes,None,Absent,Absent,Present,yellow_halos,lt_1/8,w_s_marg,Abnorm,Yes,Absent,Absent,Norm,Normal,Normal,Norm,Absent,Norm,Absent,Norm,none,Minor,Absent,Norm,Absent,norm
155,bacterial_blight,upper_areas,dna,same_lst_sev_yrs,Julho,Absent,Absent,Absent,Norm,90_100%,Yes,None,Present,Absent,Present,yellow_halos,lt_1/8,w_s_marg,Abnorm,Yes,Absent,Absent,Norm,Normal,Normal,Norm,Absent,Norm,Absent,Norm,none,Minor,Absent,Norm,Absent,norm
156,bacterial_blight,low_areas,dna,same_lst_two_yrs,Julho,Absent,Absent,Absent,Norm,90_100%,No,None,Absent,Absent,Present,no_yellow_halos,lt_1/8,w_s_marg,Abnorm,Yes,Absent,Absent,Norm,Normal,gt_normal,Norm,Absent,Norm,Absent,Norm,fungicida,pot_severe,Absent,Norm,Absent,norm
157,bacterial_blight,scattered,dna,same_1st_yr,Julho,Absent,Absent,Absent,Norm,80_89%,Yes,None,Absent,Absent,Present,yellow_halos,lt_1/8,w_s_marg,Abnorm,Yes,Absent,Absent,Norm,Normal,Normal,Norm,Absent,Norm,Absent,Norm,none,Minor,Absent,Norm,Absent,norm
158,bacterial_blight,whole_field,dna,diff_1st_year,Agosto,Absent,Absent,Absent,Norm,80_89%,No,None,Absent,Absent,Present,no_yellow_halos,lt_1/8,w_s_marg,Abnorm,Yes,Absent,Absent,Norm,Normal,gt_normal,Norm,Absent,Norm,Absent,Norm,fungicida,pot_severe,Absent,Norm,Absent,norm
159,bacterial_blight,low_areas,dna,same_lst_sev_yrs,Junho,Absent,Absent,Absent,Norm,90_100%,Yes,None,Absent,Absent,Present,yellow_halos,lt_1/8,w_s_marg,Abnorm,Yes,Absent,Absent,Norm,Normal,Normal,Norm,Absent,Norm,Absent,Norm,none,Minor,Absent,Norm,Absent,norm
160,bacterial_blight,low_areas,dna,same_lst_two_yrs,Agosto,Absent,Absent,Absent,Norm,lt_80%,No,None,Absent,Absent,Present,no_yellow_halos,lt_1/8,w_s_marg,Abnorm,Yes,Absent,Absent,Norm,lt_normal,gt_normal,Norm,Absent,Norm,Absent,Norm,fungicida,pot_severe,Absent,Norm,Absent,gt_norm
161,bacterial_pustule,upper_areas,dna,same_lst_two_yrs,Junho,Absent,Absent,Absent,Norm,lt_80%,Yes,None,Absent,Absent,absent,yellow_halos,lt_1/8,no_w_s_marg,Abnorm,Yes,Absent,Absent,Norm,lt_normal,Normal,galls_cysts,Absent,Norm,Absent,Norm,none,Minor,Absent,Norm,Absent,gt_norm
162,bacterial_pustule,whole_field,dna,same_lst_two_yrs,Julho,Absent,Absent,Absent,Norm,80_89%,No,None,Absent,Absent,Present,no_yellow_halos,lt_1/8,no_w_s_marg,Abnorm,Yes,Present,Absent,Abnorm,Normal,gt_normal,Norm,Absent,Abnorm,Present,Norm,fungicida,pot_severe,Absent,Norm,Absent,lt_norm
163,bacterial_pustule,scattered,dna,diff_1st_year,Junho,Absent,Absent,Absent,Norm,90_100%,Yes,None,Absent,Absent,absent,yellow_halos,lt_1/8,no_w_s_marg,Abnorm,Yes,Absent,Absent,Norm,Normal,Normal,Norm,Absent,Norm,Absent,Norm,none,Minor,Absent,Norm,Absent,lt_norm
164,bacterial_pustule,scattered,dna,same_lst_sev_yrs,Agosto,Absent,Absent,Absent,Norm,lt_80%,Yes,None,Present,Absent,Present,yellow_halos,lt_1/8,w_s_marg,Abnorm,Yes,Absent,Absent,Norm,lt_normal,gt_normal,Rotted,Absent,Norm,Absent,lt_norm,none,pot_severe,Absent,Norm,Absent,norm
165,bacterial_pustule,low_areas,dna,same_1st_yr,Julho,Absent,Absent,Absent,Norm,80_89%,No,None,Absent,Absent,Present,yellow_halos,lt_1/8,no_w_s_marg,Abnorm,Yes,Present,Absent,Norm,Normal,gt_normal,Rotted,Absent,Abnorm,Present,lt_norm,none,pot_severe,Absent,Norm,Absent,norm
166,bacterial_pustule,scattered,dna,same_lst_two_yrs,Julho,Absent,Absent,Absent,Norm,lt_80%,Yes,None,Absent,Absent,absent,no_yellow_halos,lt_1/8,no_w_s_marg,Abnorm,Yes,Absent,Absent,Norm,lt_normal,Normal,Rotted,Absent,Norm,Absent,Norm,none,Minor,Absent,Norm,Absent,lt_norm
167,bacterial_pustule,whole_field,dna,same_lst_two_yrs,Julho,Absent,Absent,Absent,Norm,80_89%,No,None,Absent,Absent,Present,yellow_halos,lt_1/8,no_w_s_marg,Abnorm,Yes,Present,Absent,Abnorm,Normal,Normal,Norm,Absent,Abnorm,Present,lt_norm,none,Minor,Absent,Norm,Absent,norm
168,bacterial_pustule,upper_areas,dna,diff_1st_year,Julho,Absent,Absent,Absent,Norm,lt_80%,Yes,None,Absent,Absent,Present,yellow_halos,lt_1/8,no_w_s_marg,Abnorm,Yes,Absent,Absent,Norm,lt_normal,gt_normal,Rotted,Absent,Norm,Absent,lt_norm,none,pot_severe,Absent,Norm,Absent,norm
169,bacterial_pustule,whole_field,dna,same_1st_yr,Agosto,Absent,Absent,Absent,Norm,80_89%,No,None,Absent,Absent,Present,yellow_halos,lt_1/8,no_w_s_marg,Abnorm,Yes,Present,Absent,Norm,Normal,Normal,Norm,Absent,Abnorm,Present,lt_norm,none,Minor,Absent,Norm,Absent,norm
170,bacterial_pustule,scattered,dna,same_lst_two_yrs,Setembro,Absent,Absent,Absent,Norm,lt_80%,Yes,None,Absent,Absent,Present,yellow_halos,lt_1/8,no_w_s_marg,Abnorm,Yes,Absent,Absent,Norm,lt_normal,Normal,Rotted,Absent,Norm,Absent,Norm,fungicida,Minor,Absent,Norm,Absent,norm
171,purple_seed_stain,upper_areas,tan,same_lst_two_yrs,Outubro,Absent,Colored,Absent,Diseased,90_100%,No,None,Absent,Absent,absent,absent,dna,dna,Norm,No,Absent,Absent,Norm,Normal,gt_normal,Norm,Absent,Abnorm,Present,Norm,none,Minor,Absent,Abnorm,Absent,lt_norm
172,purple_seed_stain,upper_areas,tan,same_lst_two_yrs,Outubro,Absent,Colored,Absent,Diseased,80_89%,Yes,None,Absent,Absent,absent,no_yellow_halos,lt_1/8,w_s_marg,Abnorm,Yes,Absent,Absent,Norm,Normal,gt_normal,Norm,Absent,Abnorm,Present,Norm,fungicida,Minor,Absent,Abnorm,Absent,lt_norm
173,purple_seed_stain,low_areas,tan,same_1st_yr,Agosto,Absent,Absent,Absent,Norm,lt_80%,No,None,Absent,Absent,absent,absent,dna,dna,Norm,Yes,Absent,Absent,Norm,Normal,gt_normal,Norm,Absent,Abnorm,Present,Norm,fungicida,Minor,Absent,Norm,Absent,norm
174,purple_seed_stain,scattered,tan,diff_1st_year,Agosto,Absent,Absent,Absent,Norm,80_89%,No,None,Absent,Absent,absent,no_yellow_halos,lt_1/8,w_s_marg,Abnorm,No,Absent,Absent,Norm,Normal,gt_normal,Norm,Absent,Abnorm,Present,Norm,none,Minor,Absent,Norm,Absent,norm
175,purple_seed_stain,scattered,tan,diff_1st_year,Agosto,Absent,Absent,Absent,Norm,lt_80%,Yes,None,Absent,Absent,absent,no_yellow_halos,lt_1/8,w_s_marg,Abnorm,Yes,Absent,Absent,Norm,Normal,gt_normal,Norm,Absent,Abnorm,Present,Norm,none,Minor,Absent,Norm,Absent,lt_norm
176,purple_seed_stain,upper_areas,tan,same_lst_two_yrs,Outubro,Absent,Colored,Absent,Diseased,80_89%,Yes,None,Absent,Absent,absent,no_yellow_halos,lt_1/8,w_s_marg,Abnorm,Yes,Absent,Absent,Norm,Normal,gt_normal,Norm,Absent,Abnorm,Present,Norm,none,Minor,Absent,Abnorm,Absent,gt_norm
177,purple_seed_stain,scattered,tan,diff_1st_year,Julho,Absent,Absent,Absent,Norm,80_89%,No,None,Absent,Absent,absent,absent,dna,dna,Norm,No,Absent,Absent,Norm,Normal,gt_normal,Norm,Absent,Abnorm,Present,Norm,none,Minor,Absent,Norm,Absent,lt_norm
178,purple_seed_stain,whole_field,tan,same_lst_sev_yrs,Julho,Absent,Absent,Absent,Norm,80_89%,No,None,Absent,Absent,absent,absent,dna,dna,Norm,Yes,Absent,Absent,Norm,Normal,gt_normal,Norm,Absent,Abnorm,Present,Norm,fungicida,Minor,Absent,Norm,Absent,norm
179,purple_seed_stain,low_areas,tan,same_1st_yr,Setembro,Absent,Colored,Absent,Diseased,90_100%,Yes,None,Absent,Absent,absent,no_yellow_halos,lt_1/8,w_s_marg,Abnorm,Yes,Absent,Absent,Norm,Normal,gt_normal,Norm,Absent,Abnorm,Present,Norm,none,Minor,Absent,Abnorm,Absent,norm
180,purple_seed_stain,scattered,tan,diff_1st_year,Agosto,Absent,Absent,Absent,Norm,80_89%,Yes,None,Absent,Absent,absent,absent,dna,dna,Norm,Yes,Absent,Absent,Norm,Normal,gt_normal,Norm,Absent,Abnorm,Present,Norm,fungicida,Minor,Absent,Abnorm,Absent,norm
181,anthracnose,whole_field,dk_brown_blk,same_lst_sev_yrs,Setembro,Absent,Brown_w/blk_specks,Absent,Diseased,90_100%,Yes,None,Absent,Absent,absent,absent,dna,dna,Norm,Yes,Absent,Absent,Norm,lt_normal,gt_normal,Norm,Absent,Norm,Absent,Norm,fungicida,pot_severe,Absent,Abnorm,Above_sec_nde,norm
182,anthracnose,upper_areas,Brown,same_lst_two_yrs,Setembro,firm_and_dry,Brown_w/blk_specks,Present,Diseased,lt_80%,No,None,Absent,Absent,absent,absent,dna,dna,Abnorm,Yes,Present,Absent,Norm,lt_normal,gt_normal,Norm,Absent,Abnorm,Present,Norm,fungicida,Minor,Present,Abnorm,Above_sec_nde,gt_norm
183,anthracnose,low_areas,dk_brown_blk,same_1st_yr,Outubro,Absent,Brown_w/blk_specks,Present,Diseased,80_89%,Yes,None,Absent,Absent,absent,absent,dna,dna,Norm,Yes,Present,Absent,Norm,Normal,gt_normal,Norm,Absent,Abnorm,Absent,lt_norm,fungicida,pot_severe,Present,Abnorm,Above_sec_nde,norm
184,anthracnose,scattered,Brown,diff_1st_year,Junho,firm_and_dry,Absent,Absent,Norm,90_100%,No,None,Absent,Absent,absent,absent,dna,dna,Abnorm,Yes,Absent,Absent,Abnorm,lt_normal,gt_normal,Norm,Absent,Norm,Absent,Norm,none,pot_severe,Absent,Abnorm,Above_soil,gt_norm
185,anthracnose,whole_field,dk_brown_blk,same_lst_sev_yrs,Julho,firm_and_dry,Brown_w/blk_specks,Present,Diseased,90_100%,Yes,None,Absent,Absent,absent,absent,dna,dna,Abnorm,Yes,Present,Absent,Abnorm,Normal,gt_normal,Norm,Absent,Abnorm,Present,Norm,none,pot_severe,Absent,Abnorm,Above_sec_nde,norm
186,anthracnose,upper_areas,Brown,same_lst_two_yrs,Agosto,firm_and_dry,Brown_w/blk_specks,Present,Diseased,80_89%,No,None,Absent,Absent,absent,absent,dna,dna,Abnorm,Yes,Absent,Absent,Abnorm,lt_normal,gt_normal,Norm,Absent,Norm,Absent,Norm,none,pot_severe,Absent,Abnorm,Above_sec_nde,gt_norm
187,anthracnose,upper_areas,dk_brown_blk,same_lst_two_yrs,Outubro,Absent,Brown_w/blk_specks,Present,Diseased,80_89%,Yes,None,Absent,Absent,absent,absent,dna,dna,Norm,Yes,Present,Absent,Norm,Normal,gt_normal,Norm,Absent,Abnorm,Absent,lt_norm,none,pot_severe,Present,Abnorm,Above_sec_nde,norm
188,anthracnose,low_areas,dk_brown_blk,same_1st_yr,Maio,firm_and_dry,Absent,Absent,Norm,80_89%,Yes,None,Absent,Absent,absent,absent,dna,dna,Abnorm,Yes,Absent,Absent,Abnorm,Normal,gt_normal,Norm,Absent,Abnorm,Present,Norm,fungicida,pot_severe,Absent,Abnorm,Above_soil,norm
189,anthracnose,upper_areas,dk_brown_blk,same_lst_two_yrs,Outubro,Absent,Brown_w/blk_specks,Present,Diseased,80_89%,Yes,None,Absent,Absent,absent,absent,dna,dna,Norm,Yes,Present,Absent,Norm,lt_normal,gt_normal,Norm,Absent,Abnorm,Absent,lt_norm,fungicida,pot_severe,Present,Abnorm,Above_sec_nde,norm
190,anthracnose,low_areas,dk_brown_blk,same_1st_yr,Setembro,firm_and_dry,Brown_w/blk_specks,Present,Diseased,lt_80%,Yes,None,Absent,Absent,absent,absent,dna,dna,Abnorm,Yes,Present,Absent,Abnorm,Normal,gt_normal,Norm,Absent,Abnorm,Present,Norm,Outros,pot_severe,Absent,Abnorm,Above_sec_nde,norm
191,anthracnose,whole_field,dk_brown_blk,same_lst_sev_yrs,Setembro,firm_and_dry,Brown_w/blk_specks,Present,Diseased,lt_80%,No,None,Absent,Absent,absent,absent,dna,dna,Abnorm,No,Absent,Absent,Abnorm,lt_normal,gt_normal,Norm,Absent,Norm,Absent,Norm,fungicida,Minor,Absent,Abnorm,Above_sec_nde,gt_norm
192,anthracnose,whole_field,dk_brown_blk,same_lst_sev_yrs,Abril,firm_and_dry,Absent,Absent,Norm,lt_80%,Yes,None,Absent,Absent,absent,absent,dna,dna,Abnorm,Yes,Present,Absent,Abnorm,Normal,gt_normal,Norm,Absent,Abnorm,Absent,lt_norm,fungicida,pot_severe,Absent,Abnorm,Above_soil,norm
193,anthracnose,upper_areas,Brown,same_lst_two_yrs,Outubro,firm_and_dry,Brown_w/blk_specks,Present,Diseased,90_100%,Yes,None,Absent,Absent,absent,absent,dna,dna,Abnorm,Yes,Absent,Absent,Abnorm,Normal,gt_normal,Norm,Absent,Abnorm,Present,lt_norm,none,Minor,Present,Abnorm,Above_sec_nde,norm
194,anthracnose,low_areas,dk_brown_blk,same_1st_yr,Setembro,Absent,Brown_w/blk_specks,Absent,Diseased,80_89%,Yes,None,Absent,Absent,absent,absent,dna,dna,Norm,Yes,Present,Absent,Norm,lt_normal,gt_normal,Norm,Absent,Abnorm,Absent,lt_norm,none,pot_severe,Present,Abnorm,Above_sec_nde,norm
195,anthracnose,upper_areas,dk_brown_blk,same_lst_two_yrs,Setembro,Absent,Brown_w/blk_specks,Present,Diseased,lt_80%,Yes,None,Absent,Absent,absent,absent,dna,dna,Norm,Yes,Absent,Absent,Norm,Normal,gt_normal,Norm,Absent,Norm,Absent,Norm,none,pot_severe,Absent,Abnorm,Above_sec_nde,norm
196,anthracnose,scattered,Brown,diff_1st_year,Outubro,firm_and_dry,Brown_w/blk_specks,Present,Diseased,80_89%,No,None,Absent,Absent,absent,absent,dna,dna,Abnorm,Yes,Absent,Absent,Norm,lt_normal,gt_normal,Norm,Absent,Norm,Absent,Norm,none,pot_severe,Absent,Abnorm,Above_sec_nde,gt_norm
197,anthracnose,low_areas,dk_brown_blk,same_1st_yr,Setembro,Absent,Brown_w/blk_specks,Present,Diseased,90_100%,Yes,None,Absent,Absent,absent,absent,dna,dna,Norm,Yes,Present,Absent,Norm,Normal,gt_normal,Norm,Absent,Abnorm,Absent,lt_norm,none,pot_severe,Present,Abnorm,Above_sec_nde,norm
198,anthracnose,whole_field,dk_brown_blk,same_lst_sev_yrs,Outubro,firm_and_dry,Brown_w/blk_specks,Present,Diseased,80_89%,No,None,Absent,Absent,absent,absent,dna,dna,Abnorm,No,Absent,Absent,Norm,lt_normal,gt_normal,Norm,Absent,Norm,Absent,Norm,Outros,Minor,Absent,Abnorm,Above_sec_nde,gt_norm
199,anthracnose,whole_field,dk_brown_blk,same_lst_sev_yrs,Setembro,Absent,Brown_w/blk_specks,Absent,Diseased,80_89%,Yes,None,Absent,Absent,absent,absent,dna,dna,Norm,Yes,Present,Absent,Norm,lt_normal,gt_normal,Norm,Absent,Abnorm,Absent,lt_norm,none,pot_severe,Present,Abnorm,Above_sec_nde,norm
200,anthracnose,upper_areas,dk_brown_blk,same_lst_two_yrs,Setembro,Absent,Brown_w/blk_specks,Absent,Diseased,80_89%,Yes,None,Absent,Absent,absent,absent,dna,dna,Norm,Yes,Present,Absent,Norm,lt_normal,gt_normal,Norm,Absent,Abnorm,Absent,lt_norm,fungicida,pot_severe,Present,Abnorm,Above_sec_nde,norm
201,phyllosticta_leaf_spot,upper_areas,dna,diff_1st_year,Julho,Absent,Absent,Absent,Norm,lt_80%,Yes,None,Absent,Absent,absent,no_yellow_halos,gt_1/8,w_s_marg,Abnorm,Yes,Absent,Absent,Norm,lt_normal,Normal,Norm,Absent,Norm,Absent,Norm,none,Minor,Absent,Norm,Absent,norm
202,phyllosticta_leaf_spot,upper_areas,dna,diff_1st_year,Julho,Absent,Absent,Absent,Norm,80_89%,No,None,Present,Absent,absent,no_yellow_halos,gt_1/8,w_s_marg,Abnorm,Yes,Absent,Absent,Norm,Normal,lt_normal,Norm,Absent,Norm,Absent,Norm,none,Minor,Absent,Norm,Absent,norm
203,phyllosticta_leaf_spot,scattered,dna,diff_1st_year,Julho,Absent,Absent,Absent,Norm,90_100%,Yes,None,Absent,Absent,absent,no_yellow_halos,gt_1/8,w_s_marg,Abnorm,Yes,Absent,Absent,Norm,lt_normal,Normal,Norm,Absent,Norm,Absent,Norm,none,Minor,Absent,Norm,Absent,norm
204,phyllosticta_leaf_spot,scattered,dna,same_lst_two_yrs,Julho,Absent,Absent,Absent,Norm,90_100%,No,None,Absent,Absent,absent,no_yellow_halos,gt_1/8,w_s_marg,Abnorm,Yes,Absent,Absent,Norm,Normal,lt_normal,Norm,Absent,Norm,Absent,Norm,none,Minor,Absent,Norm,Absent,norm
205,phyllosticta_leaf_spot,upper_areas,dna,same_lst_sev_yrs,Julho,Absent,Absent,Absent,Norm,80_89%,Yes,None,Present,Absent,Present,no_yellow_halos,gt_1/8,w_s_marg,Abnorm,Yes,Absent,Absent,Norm,lt_normal,Normal,Norm,Absent,Norm,Absent,Norm,fungicida,Minor,Absent,Norm,Absent,gt_norm
206,phyllosticta_leaf_spot,whole_field,dna,diff_1st_year,Junho,Absent,Absent,Absent,Norm,lt_80%,No,None,Absent,Absent,absent,no_yellow_halos,gt_1/8,w_s_marg,Abnorm,Yes,Absent,Absent,Norm,Normal,lt_normal,Norm,Absent,Norm,Absent,Norm,Outros,Minor,Absent,Norm,Absent,norm
207,phyllosticta_leaf_spot,upper_areas,dna,same_lst_sev_yrs,Maio,Absent,Absent,Absent,Norm,80_89%,No,None,Present,Absent,Present,no_yellow_halos,gt_1/8,w_s_marg,Abnorm,Yes,Absent,Absent,Norm,Normal,lt_normal,Norm,Absent,Norm,Absent,Norm,fungicida,pot_severe,Absent,Norm,Absent,gt_norm
208,phyllosticta_leaf_spot,upper_areas,dna,same_lst_two_yrs,Junho,Absent,Absent,Absent,Norm,80_89%,Yes,None,Present,Absent,absent,no_yellow_halos,gt_1/8,w_s_marg,Abnorm,Yes,Absent,Absent,Norm,lt_normal,Normal,Norm,Absent,Norm,Absent,Norm,fungicida,pot_severe,Absent,Norm,Absent,norm
209,phyllosticta_leaf_spot,scattered,dna,same_lst_sev_yrs,Junho,Absent,Absent,Absent,Norm,90_100%,No,None,Absent,Absent,Present,no_yellow_halos,gt_1/8,w_s_marg,Abnorm,Yes,Absent,Absent,Abnorm,Normal,lt_normal,Norm,Absent,Norm,Absent,Norm,fungicida,pot_severe,Absent,Norm,Absent,gt_norm
210,phyllosticta_leaf_spot,whole_field,dna,same_lst_sev_yrs,Junho,Absent,Absent,Absent,Norm,lt_80%,Yes,None,Absent,Absent,Present,no_yellow_halos,gt_1/8,w_s_marg,Abnorm,Yes,Absent,Absent,Norm,lt_normal,Normal,Norm,Absent,Norm,Absent,Norm,Outros,Minor,Absent,Norm,Absent,gt_norm
211,alternarialeaf_spot,low_areas,dna,same_1st_yr,Agosto,Absent,Absent,Absent,Norm,lt_80%,Yes,None,Absent,Absent,absent,no_yellow_halos,gt_1/8,w_s_marg,Abnorm,Yes,Absent,Absent,Norm,lt_normal,gt_normal,Norm,Absent,Norm,Absent,Norm,fungicida,pot_severe,Absent,Norm,Absent,norm
212,alternarialeaf_spot,whole_field,dna,same_lst_sev_yrs,Agosto,Absent,Absent,Absent,Norm,80_89%,Yes,None,Absent,Absent,absent,no_yellow_halos,gt_1/8,w_s_marg,Abnorm,Yes,Absent,Absent,Norm,Normal,Normal,Norm,Absent,Norm,Absent,Norm,none,pot_severe,Absent,Norm,Absent,norm
213,alternarialeaf_spot,scattered,dna,diff_1st_year,Julho,Absent,Absent,Absent,Norm,80_89%,Yes,None,Absent,Absent,absent,no_yellow_halos,gt_1/8,w_s_marg,Abnorm,Yes,Absent,Absent,Norm,Normal,gt_normal,Norm,Absent,Norm,Absent,Norm,none,pot_severe,Absent,Norm,Absent,norm
214,alternarialeaf_spot,whole_field,dna,same_lst_sev_yrs,Outubro,Absent,Absent,Absent,Norm,80_89%,Yes,None,Absent,Absent,absent,no_yellow_halos,gt_1/8,w_s_marg,Abnorm,Yes,Absent,Absent,Norm,Normal,gt_normal,Norm,Absent,Norm,Absent,Norm,fungicida,Minor,Absent,Norm,Absent,gt_norm
215,alternarialeaf_spot,upper_areas,dna,same_lst_two_yrs,Outubro,Absent,Absent,Absent,Norm,lt_80%,No,None,Absent,Absent,absent,no_yellow_halos,gt_1/8,w_s_marg,Abnorm,Yes,Absent,Absent,Norm,Normal,Normal,Norm,Absent,Abnorm,Present,Norm,Outros,Minor,Absent,Norm,Absent,norm
216,alternarialeaf_spot,whole_field,dna,same_lst_sev_yrs,Setembro,Absent,Absent,Absent,Norm,80_89%,Yes,None,Absent,Absent,absent,no_yellow_halos,gt_1/8,w_s_marg,Abnorm,Yes,Absent,Absent,Norm,Normal,gt_normal,Norm,Absent,Norm,Absent,Norm,none,pot_severe,Absent,Norm,Absent,gt_norm
217,alternarialeaf_spot,whole_field,dna,same_lst_sev_yrs,Outubro,Absent,Absent,Absent,Norm,80_89%,Yes,None,Absent,Absent,absent,no_yellow_halos,gt_1/8,w_s_marg,Abnorm,Yes,Absent,Absent,Norm,Normal,Normal,Norm,Absent,Norm,Absent,Norm,fungicida,Minor,Absent,Norm,Absent,norm
218,alternarialeaf_spot,low_areas,dna,same_lst_sev_yrs,Setembro,Absent,Absent,Absent,Norm,lt_80%,Yes,None,Absent,Absent,absent,no_yellow_halos,gt_1/8,w_s_marg,Abnorm,Yes,Absent,Absent,Norm,lt_normal,gt_normal,Norm,Absent,Norm,Absent,Norm,none,Minor,Absent,Norm,Absent,gt_norm
219,alternarialeaf_spot,whole_field,dna,same_lst_sev_yrs,Outubro,Absent,Absent,Absent,Norm,80_89%,Yes,None,Absent,Absent,absent,no_yellow_halos,gt_1/8,w_s_marg,Abnorm,Yes,Absent,Absent,Norm,Normal,gt_normal,Norm,Absent,Norm,Absent,Norm,fungicida,Minor,Absent,Norm,Absent,gt_norm
220,alternarialeaf_spot,upper_areas,dna,same_lst_sev_yrs,Outubro,Absent,Absent,Absent,Norm,90_100%,Yes,None,Absent,Absent,absent,no_yellow_halos,gt_1/8,w_s_marg,Abnorm,Yes,Absent,Absent,Norm,Normal,gt_normal,Norm,Absent,Norm,Absent,Norm,fungicida,pot_severe,Absent,Norm,Absent,gt_norm
221,alternarialeaf_spot,whole_field,dna,same_lst_two_yrs,Setembro,Absent,Absent,Absent,Norm,80_89%,Yes,None,Absent,Absent,absent,no_yellow_halos,gt_1/8,w_s_marg,Abnorm,Yes,Absent,Absent,Norm,Normal,gt_normal,Norm,Absent,Norm,Absent,Norm,none,Minor,Absent,Norm,Absent,gt_norm
222,alternarialeaf_spot,scattered,dna,same_lst_sev_yrs,Agosto,Absent,Absent,Absent,Norm,lt_80%,Yes,None,Absent,Absent,absent,no_yellow_halos,gt_1/8,w_s_marg,Abnorm,Yes,Absent,Absent,Norm,lt_normal,gt_normal,Norm,Absent,Norm,Absent,Norm,fungicida,pot_severe,Absent,Norm,Absent,norm
223,alternarialeaf_spot,low_areas,dna,same_1st_yr,Outubro,Absent,Absent,Absent,Norm,90_100%,Yes,None,Absent,Absent,Present,no_yellow_halos,gt_1/8,w_s_marg,Abnorm,Yes,Absent,Absent,Norm,Normal,gt_normal,Norm,Absent,Norm,Absent,Norm,fungicida,Minor,Absent,Norm,Absent,norm
224,alternarialeaf_spot,upper_areas,dna,same_lst_two_yrs,Setembro,Absent,Absent,Absent,Norm,90_100%,Yes,None,Absent,Absent,absent,no_yellow_halos,gt_1/8,w_s_marg,Abnorm,Yes,Absent,Absent,Norm,Normal,gt_normal,Norm,Absent,Norm,Absent,Norm,none,pot_severe,Absent,Norm,Absent,gt_norm
225,alternarialeaf_spot,scattered,dna,diff_1st_year,Setembro,Absent,Absent,Absent,Norm,lt_80%,Yes,None,Absent,Absent,absent,no_yellow_halos,gt_1/8,w_s_marg,Abnorm,Yes,Absent,Absent,Norm,lt_normal,gt_normal,Norm,Absent,Norm,Absent,Norm,none,Minor,Absent,Norm,Absent,norm
226,alternarialeaf_spot,upper_areas,dna,same_lst_two_yrs,Agosto,Absent,Absent,Absent,Norm,80_89%,Yes,None,Absent,Absent,absent,no_yellow_halos,gt_1/8,w_s_marg,Abnorm,Yes,Absent,Absent,Norm,Normal,gt_normal,Norm,Absent,Norm,Absent,Norm,none,Minor,Absent,Norm,Absent,norm
227,alternarialeaf_spot,low_areas,dna,same_1st_yr,Agosto,Absent,Absent,Absent,Norm,80_89%,Yes,None,Absent,Absent,Present,no_yellow_halos,gt_1/8,w_s_marg,Abnorm,Yes,Absent,Absent,Norm,Normal,gt_normal,Norm,Absent,Norm,Absent,Norm,fungicida,pot_severe,Absent,Norm,Absent,norm
228,alternarialeaf_spot,low_areas,dna,same_lst_two_yrs,Setembro,Absent,Absent,Absent,Norm,90_100%,Yes,None,Absent,Absent,absent,no_yellow_halos,gt_1/8,w_s_marg,Abnorm,Yes,Absent,Absent,Norm,Normal,gt_normal,Norm,Absent,Norm,Absent,Norm,none,Minor,Absent,Norm,Absent,norm
229,alternarialeaf_spot,upper_areas,dna,same_lst_sev_yrs,Outubro,Absent,Absent,Absent,Norm,90_100%,Yes,None,Absent,Absent,absent,no_yellow_halos,gt_1/8,w_s_marg,Abnorm,Yes,Absent,Absent,Norm,Normal,gt_normal,Norm,Absent,Norm,Absent,Norm,fungicida,Minor,Absent,Norm,Absent,gt_norm
230,alternarialeaf_spot,low_areas,dna,same_1st_yr,Outubro,Absent,Absent,Absent,Norm,lt_80%,Yes,None,Absent,Absent,absent,no_yellow_halos,gt_1/8,w_s_marg,Abnorm,Yes,Absent,Absent,Norm,lt_normal,gt_normal,Norm,Absent,Norm,Absent,Norm,fungicida,Minor,Absent,Norm,Absent,gt_norm
231,alternarialeaf_spot,low_areas,dna,same_lst_sev_yrs,Setembro,Absent,Absent,Absent,Norm,lt_80%,Yes,None,Absent,Absent,absent,no_yellow_halos,gt_1/8,w_s_marg,Abnorm,Yes,Absent,Absent,Norm,lt_normal,gt_normal,Norm,Absent,Norm,Absent,Norm,none,pot_severe,Absent,Norm,Absent,gt_norm
232,alternarialeaf_spot,whole_field,dna,same_lst_sev_yrs,Setembro,Absent,Absent,Absent,Norm,80_89%,Yes,None,Absent,Absent,absent,no_yellow_halos,gt_1/8,w_s_marg,Abnorm,Yes,Absent,Absent,Norm,lt_normal,gt_normal,Norm,Absent,Norm,Absent,Norm,fungicida,pot_severe,Absent,Norm,Absent,gt_norm
233,alternarialeaf_spot,low_areas,dna,same_lst_two_yrs,Agosto,Absent,Absent,Absent,Norm,lt_80%,Yes,None,Absent,Absent,Present,no_yellow_halos,gt_1/8,w_s_marg,Abnorm,Yes,Absent,Absent,Norm,lt_normal,gt_normal,Norm,Absent,Norm,Absent,Norm,none,Minor,Absent,Norm,Absent,norm
234,alternarialeaf_spot,upper_areas,dna,same_lst_two_yrs,Outubro,Absent,Absent,Absent,Norm,90_100%,Yes,None,Absent,Absent,absent,no_yellow_halos,gt_1/8,w_s_marg,Abnorm,Yes,Absent,Absent,Norm,lt_normal,Normal,Norm,Absent,Abnorm,Present,Norm,Outros,Minor,Absent,Norm,Absent,gt_norm
235,alternarialeaf_spot,upper_areas,dna,same_1st_yr,Agosto,Absent,Absent,Absent,Norm,lt_80%,Yes,None,Absent,Absent,absent,no_yellow_halos,gt_1/8,w_s_marg,Abnorm,Yes,Absent,Absent,Norm,lt_normal,gt_normal,Norm,Absent,Norm,Absent,Norm,fungicida,pot_severe,Absent,Norm,Absent,norm
236,alternarialeaf_spot,low_areas,dna,same_lst_two_yrs,Outubro,Absent,Absent,Absent,Norm,lt_80%,Yes,None,Absent,Absent,absent,no_yellow_halos,gt_1/8,w_s_marg,Abnorm,Yes,Absent,Absent,Norm,lt_normal,gt_normal,Norm,Absent,Norm,Absent,Norm,fungicida,Minor,Absent,Norm,Absent,gt_norm
237,alternarialeaf_spot,whole_field,dna,diff_1st_year,Agosto,Absent,Absent,Absent,Norm,lt_80%,Yes,None,Absent,Absent,absent,no_yellow_halos,gt_1/8,w_s_marg,Abnorm,Yes,Absent,Absent,Norm,lt_normal,gt_normal,Norm,Absent,Norm,Absent,Norm,none,Minor,Absent,Norm,Absent,norm
238,alternarialeaf_spot,whole_field,dna,same_lst_sev_yrs,Agosto,Absent,Absent,Absent,Norm,90_100%,Yes,None,Absent,Absent,absent,no_yellow_halos,gt_1/8,w_s_marg,Abnorm,Yes,Absent,Absent,Norm,Normal,gt_normal,Norm,Absent,Norm,Absent,Norm,none,pot_severe,Absent,Norm,Absent,gt_norm
239,alternarialeaf_spot,whole_field,dna,same_lst_two_yrs,Setembro,Absent,Absent,Absent,Norm,80_89%,Yes,None,Absent,Absent,absent,no_yellow_halos,gt_1/8,w_s_marg,Abnorm,Yes,Absent,Absent,Norm,Normal,gt_normal,Norm,Absent,Norm,Absent,Norm,none,pot_severe,Absent,Norm,Absent,gt_norm
240,alternarialeaf_spot,scattered,dna,diff_1st_year,Julho,Absent,Absent,Absent,Norm,90_100%,Yes,None,Absent,Absent,absent,no_yellow_halos,gt_1/8,w_s_marg,Abnorm,Yes,Absent,Absent,Norm,Normal,gt_normal,Norm,Absent,Norm,Absent,Norm,none,pot_severe,Absent,Norm,Absent,norm
241,alternarialeaf_spot,upper_areas,dna,same_1st_yr,Setembro,Absent,Absent,Absent,Norm,90_100%,Yes,None,Absent,Absent,Present,no_yellow_halos,gt_1/8,w_s_marg,Abnorm,Yes,Absent,Absent,Norm,Normal,gt_normal,Norm,Absent,Norm,Absent,Norm,fungicida,Minor,Absent,Norm,Absent,norm
242,alternarialeaf_spot,low_areas,dna,same_1st_yr,Setembro,Absent,Absent,Absent,Norm,80_89%,Yes,None,Absent,Absent,absent,no_yellow_halos,gt_1/8,w_s_marg,Abnorm,Yes,Absent,Absent,Norm,Normal,gt_normal,Norm,Absent,Norm,Absent,Norm,fungicida,Minor,Absent,Norm,Absent,gt_norm
243,alternarialeaf_spot,low_areas,dna,same_1st_yr,Agosto,Absent,Absent,Absent,Norm,lt_80%,Yes,None,Absent,Absent,absent,no_yellow_halos,gt_1/8,w_s_marg,Abnorm,Yes,Absent,Absent,Norm,Normal,gt_normal,Norm,Absent,Norm,Absent,Norm,none,pot_severe,Absent,Norm,Absent,gt_norm
244,alternarialeaf_spot,whole_field,dna,same_lst_sev_yrs,Setembro,Absent,Absent,Absent,Norm,lt_80%,Yes,None,Absent,Absent,Present,no_yellow_halos,gt_1/8,w_s_marg,Abnorm,Yes,Absent,Absent,Norm,lt_normal,gt_normal,Norm,Absent,Norm,Absent,Norm,fungicida,Minor,Absent,Norm,Absent,norm
245,alternarialeaf_spot,low_areas,dna,same_lst_two_yrs,Outubro,Absent,Absent,Absent,Norm,80_89%,Yes,None,Absent,Absent,Present,no_yellow_halos,gt_1/8,w_s_marg,Abnorm,Yes,Absent,Absent,Norm,Normal,gt_normal,Norm,Absent,Norm,Absent,Norm,none,Minor,Absent,Norm,Absent,norm
246,alternarialeaf_spot,whole_field,dna,diff_1st_year,Setembro,Absent,Absent,Absent,Norm,90_100%,Yes,None,Absent,Absent,absent,no_yellow_halos,gt_1/8,w_s_marg,Abnorm,Yes,Absent,Absent,Norm,Normal,gt_normal,Norm,Absent,Norm,Absent,Norm,none,Minor,Absent,Norm,Absent,norm
247,alternarialeaf_spot,whole_field,dna,diff_1st_year,Outubro,Absent,Absent,Absent,Norm,80_89%,Yes,None,Absent,Absent,absent,no_yellow_halos,gt_1/8,w_s_marg,Abnorm,Yes,Absent,Absent,Norm,Normal,gt_normal,Norm,Absent,Norm,Absent,Norm,none,Minor,Absent,Norm,Absent,norm
248,alternarialeaf_spot,low_areas,dna,same_lst_two_yrs,Setembro,Absent,Absent,Absent,Norm,lt_80%,Yes,None,Absent,Absent,absent,no_yellow_halos,gt_1/8,w_s_marg,Abnorm,Yes,Absent,Absent,Norm,lt_normal,gt_normal,Norm,Absent,Norm,Absent,Norm,none,pot_severe,Absent,Norm,Absent,gt_norm
249,alternarialeaf_spot,scattered,dna,same_lst_sev_yrs,Setembro,Absent,Absent,Absent,Norm,90_100%,Yes,None,Absent,Absent,Present,no_yellow_halos,gt_1/8,w_s_marg,Abnorm,Yes,Absent,Absent,Norm,Normal,gt_normal,Norm,Absent,Norm,Absent,Norm,fungicida,Minor,Absent,Norm,Absent,norm
250,alternarialeaf_spot,upper_areas,dna,same_1st_yr,Outubro,Absent,Absent,Absent,Norm,80_89%,Yes,None,Absent,Absent,Present,no_yellow_halos,gt_1/8,w_s_marg,Abnorm,Yes,Absent,Absent,Norm,Normal,gt_normal,Norm,Absent,Norm,Absent,Norm,fungicida,Minor,Absent,Norm,Absent,norm
251,frog_eye_leaf_spot,whole_field,dk_brown_blk,same_lst_sev_yrs,Outubro,firm_and_dry,Brown_w/blk_specks,Present,Diseased,90_100%,Yes,None,Absent,Absent,absent,no_yellow_halos,gt_1/8,w_s_marg,Abnorm,Yes,Absent,Absent,Norm,Normal,Normal,Norm,Absent,Abnorm,Absent,Norm,none,Minor,Absent,Abnorm,Above_sec_nde,gt_norm
252,frog_eye_leaf_spot,low_areas,dna,same_1st_yr,Agosto,Absent,Absent,Absent,Norm,80_89%,Yes,None,Absent,Absent,absent,no_yellow_halos,gt_1/8,w_s_marg,Abnorm,Yes,Absent,Absent,Norm,Normal,Normal,Norm,Absent,Norm,Absent,Norm,fungicida,Minor,Absent,Norm,Absent,gt_norm
253,frog_eye_leaf_spot,low_areas,Brown,same_lst_two_yrs,Setembro,firm_and_dry,Absent,Absent,Norm,90_100%,Yes,None,Absent,Absent,absent,no_yellow_halos,gt_1/8,w_s_marg,Abnorm,Yes,Absent,Absent,Norm,Normal,Normal,Norm,Absent,Norm,Absent,Norm,none,Minor,Absent,Abnorm,Above_sec_nde,norm
254,frog_eye_leaf_spot,upper_areas,dna,same_lst_sev_yrs,Setembro,Absent,Absent,Absent,Norm,lt_80%,Yes,None,Absent,Absent,absent,no_yellow_halos,gt_1/8,w_s_marg,Abnorm,Yes,Absent,Absent,Norm,lt_normal,gt_normal,Norm,Absent,Norm,Absent,Norm,none,Minor,Absent,Norm,Absent,norm
255,frog_eye_leaf_spot,whole_field,dk_brown_blk,same_lst_sev_yrs,Outubro,firm_and_dry,Colored,Absent,Diseased,lt_80%,Yes,None,Absent,Absent,absent,no_yellow_halos,gt_1/8,w_s_marg,Abnorm,Yes,Absent,Absent,Norm,lt_normal,gt_normal,Norm,Absent,Norm,Absent,Norm,fungicida,Minor,Absent,Abnorm,Above_sec_nde,gt_norm
256,frog_eye_leaf_spot,whole_field,dna,same_lst_sev_yrs,Agosto,Absent,Absent,Absent,Norm,90_100%,Yes,None,Absent,Absent,absent,no_yellow_halos,gt_1/8,w_s_marg,Abnorm,Yes,Absent,Absent,Norm,Normal,Normal,Norm,Absent,Norm,Absent,Norm,fungicida,pot_severe,Absent,Norm,Absent,norm
257,frog_eye_leaf_spot,whole_field,dk_brown_blk,same_lst_two_yrs,Julho,firm_and_dry,Colored,Absent,Diseased,80_89%,Yes,None,Absent,Absent,absent,no_yellow_halos,gt_1/8,w_s_marg,Abnorm,Yes,Absent,Absent,Norm,Normal,gt_normal,Norm,Absent,Norm,Absent,Norm,fungicida,Minor,Absent,Abnorm,Above_sec_nde,norm
258,frog_eye_leaf_spot,upper_areas,dk_brown_blk,same_lst_two_yrs,Setembro,firm_and_dry,Colored,Absent,Diseased,80_89%,Yes,None,Absent,Absent,absent,no_yellow_halos,gt_1/8,w_s_marg,Abnorm,Yes,Absent,Absent,Norm,Normal,gt_normal,Norm,Absent,Norm,Absent,Norm,none,Minor,Absent,Abnorm,Above_sec_nde,gt_norm
259,frog_eye_leaf_spot,low_areas,dna,same_1st_yr,Setembro,Absent,Absent,Absent,Norm,90_100%,Yes,None,Absent,Absent,absent,no_yellow_halos,gt_1/8,w_s_marg,Abnorm,Yes,Absent,Absent,Norm,Normal,gt_normal,Norm,Absent,Norm,Absent,Norm,fungicida,pot_severe,Absent,Norm,Absent,norm
260,frog_eye_leaf_spot,whole_field,dk_brown_blk,same_lst_two_yrs,Setembro,firm_and_dry,Colored,Absent,Diseased,80_89%,Yes,None,Absent,Absent,absent,no_yellow_halos,gt_1/8,w_s_marg,Abnorm,Yes,Absent,Absent,Norm,Normal,gt_normal,Norm,Absent,Norm,Absent,Norm,fungicida,Minor,Absent,Abnorm,Above_sec_nde,gt_norm
261,frog_eye_leaf_spot,low_areas,dk_brown_blk,diff_1st_year,Setembro,firm_and_dry,Colored,Absent,Diseased,80_89%,Yes,None,Absent,Absent,absent,no_yellow_halos,gt_1/8,w_s_marg,Abnorm,Yes,Absent,Absent,Norm,Normal,gt_normal,Norm,Absent,Norm,Absent,Norm,fungicida,Minor,Absent,Abnorm,Above_sec_nde,norm
262,frog_eye_leaf_spot,whole_field,dna,same_lst_two_yrs,Agosto,Absent,Absent,Absent,Norm,90_100%,Yes,None,Absent,Absent,absent,no_yellow_halos,gt_1/8,w_s_marg,Abnorm,Yes,Absent,Absent,Norm,Normal,gt_normal,Norm,Absent,Norm,Absent,Norm,fungicida,Minor,Absent,Norm,Absent,norm
263,frog_eye_leaf_spot,low_areas,dk_brown_blk,same_1st_yr,Agosto,firm_and_dry,Colored,Absent,Diseased,90_100%,Yes,None,Absent,Absent,absent,no_yellow_halos,gt_1/8,w_s_marg,Abnorm,Yes,Absent,Absent,Norm,Normal,gt_normal,Norm,Absent,Norm,Absent,Norm,fungicida,pot_severe,Absent,Abnorm,Above_sec_nde,gt_norm
264,frog_eye_leaf_spot,low_areas,Brown,same_lst_two_yrs,Agosto,firm_and_dry,Colored,Absent,Diseased,80_89%,Yes,None,Absent,Absent,absent,no_yellow_halos,gt_1/8,w_s_marg,Abnorm,Yes,Absent,Absent,Norm,Normal,gt_normal,Norm,Absent,Norm,Absent,Norm,fungicida,pot_severe,Absent,Abnorm,Above_sec_nde,norm
265,frog_eye_leaf_spot,upper_areas,dk_brown_blk,same_lst_sev_yrs,Julho,firm_and_dry,Colored,Absent,Diseased,lt_80%,Yes,None,Absent,Absent,absent,no_yellow_halos,gt_1/8,w_s_marg,Abnorm,Yes,Absent,Absent,Norm,lt_normal,gt_normal,Norm,Absent,Norm,Absent,Norm,none,pot_severe,Absent,Abnorm,Above_sec_nde,norm
266,frog_eye_leaf_spot,scattered,Brown,same_lst_sev_yrs,Setembro,firm_and_dry,Colored,Absent,Diseased,80_89%,Yes,None,Absent,Absent,absent,no_yellow_halos,gt_1/8,w_s_marg,Abnorm,Yes,Absent,Absent,Norm,Normal,gt_normal,Norm,Absent,Norm,Absent,Norm,none,pot_severe,Absent,Abnorm,Above_sec_nde,norm
267,frog_eye_leaf_spot,low_areas,dk_brown_blk,same_1st_yr,Setembro,firm_and_dry,Colored,Absent,Diseased,90_100%,Yes,None,Absent,Absent,absent,no_yellow_halos,gt_1/8,w_s_marg,Abnorm,Yes,Absent,Absent,Norm,Normal,gt_normal,Norm,Absent,Norm,Absent,Norm,fungicida,Minor,Absent,Abnorm,Above_sec_nde,gt_norm
268,frog_eye_leaf_spot,upper_areas,dk_brown_blk,same_1st_yr,Agosto,firm_and_dry,Colored,Absent,Diseased,90_100%,Yes,None,Absent,Absent,absent,no_yellow_halos,gt_1/8,w_s_marg,Abnorm,Yes,Absent,Absent,Norm,Normal,gt_normal,Norm,Absent,Norm,Absent,Norm,none,pot_severe,Absent,Abnorm,Above_sec_nde,gt_norm
269,frog_eye_leaf_spot,low_areas,dk_brown_blk,same_lst_two_yrs,Setembro,firm_and_dry,Colored,Absent,Diseased,80_89%,Yes,None,Absent,Absent,absent,no_yellow_halos,gt_1/8,w_s_marg,Abnorm,Yes,Absent,Absent,Norm,Normal,gt_normal,Norm,Absent,Norm,Absent,Norm,fungicida,Minor,Absent,Abnorm,Above_sec_nde,gt_norm
270,frog_eye_leaf_spot,scattered,Brown,same_lst_sev_yrs,Setembro,firm_and_dry,Colored,Absent,Diseased,90_100%,Yes,None,Absent,Absent,absent,no_yellow_halos,gt_1/8,w_s_marg,Abnorm,Yes,Absent,Absent,Norm,Normal,gt_normal,Norm,Absent,Norm,Absent,Norm,none,pot_severe,Absent,Abnorm,Above_sec_nde,norm
271,frog_eye_leaf_spot,upper_areas,dna,same_1st_yr,Julho,Absent,Absent,Absent,Norm,80_89%,Yes,None,Absent,Absent,absent,no_yellow_halos,gt_1/8,w_s_marg,Abnorm,Yes,Absent,Absent,Norm,Normal,gt_normal,Norm,Absent,Norm,Absent,Norm,none,pot_severe,Absent,Norm,Absent,norm
272,frog_eye_leaf_spot,whole_field,dk_brown_blk,same_lst_sev_yrs,Outubro,Absent,Brown_w/blk_specks,Present,Diseased,90_100%,Yes,None,Absent,Absent,absent,no_yellow_halos,gt_1/8,w_s_marg,Abnorm,Yes,Absent,Absent,Norm,Normal,Normal,Norm,Absent,Abnorm,Present,lt_norm,fungicida,Minor,Present,Abnorm,Above_sec_nde,gt_norm
273,frog_eye_leaf_spot,whole_field,dna,same_1st_yr,Setembro,Absent,Colored,Present,Diseased,90_100%,Yes,None,Absent,Absent,absent,no_yellow_halos,gt_1/8,w_s_marg,Abnorm,Yes,Absent,Absent,Norm,Normal,Normal,Norm,Absent,Norm,Absent,Norm,Outros,pot_severe,Absent,Abnorm,Above_sec_nde,norm
274,frog_eye_leaf_spot,upper_areas,Brown,same_lst_sev_yrs,Setembro,firm_and_dry,Colored,Absent,Diseased,90_100%,Yes,None,Absent,Absent,absent,no_yellow_halos,gt_1/8,w_s_marg,Abnorm,Yes,Absent,Absent,Norm,Normal,gt_normal,Norm,Absent,Norm,Absent,Norm,none,pot_severe,Absent,Abnorm,Above_sec_nde,norm
275,frog_eye_leaf_spot,whole_field,dna,same_lst_sev_yrs,Setembro,Absent,Absent,Absent,Norm,lt_80%,Yes,None,Absent,Absent,absent,no_yellow_halos,gt_1/8,w_s_marg,Abnorm,Yes,Absent,Absent,Norm,lt_normal,gt_normal,Norm,Absent,Norm,Absent,Norm,fungicida,Minor,Absent,Norm,Absent,norm
276,frog_eye_leaf_spot,scattered,dna,same_lst_sev_yrs,Julho,Absent,Absent,Absent,Norm,lt_80%,Yes,None,Absent,Absent,absent,no_yellow_halos,gt_1/8,w_s_marg,Abnorm,Yes,Absent,Absent,Norm,lt_normal,gt_normal,Norm,Absent,Norm,Absent,Norm,none,pot_severe,Absent,Norm,Absent,norm
277,frog_eye_leaf_spot,low_areas,dk_brown_blk,same_lst_sev_yrs,Outubro,firm_and_dry,Colored,Absent,Diseased,lt_80%,Yes,None,Absent,Absent,absent,no_yellow_halos,gt_1/8,w_s_marg,Abnorm,Yes,Absent,Absent,Norm,lt_normal,gt_normal,Norm,Absent,Norm,Absent,Norm,fungicida,Minor,Absent,Abnorm,Above_sec_nde,gt_norm
278,frog_eye_leaf_spot,upper_areas,dna,same_1st_yr,Agosto,Absent,Absent,Absent,Norm,80_89%,Yes,None,Absent,Absent,absent,no_yellow_halos,gt_1/8,w_s_marg,Abnorm,Yes,Absent,Absent,Norm,Normal,gt_normal,Norm,Absent,Norm,Absent,Norm,none,pot_severe,Absent,Norm,Absent,norm
279,frog_eye_leaf_spot,scattered,dk_brown_blk,same_1st_yr,Agosto,firm_and_dry,Colored,Absent,Diseased,90_100%,Yes,None,Absent,Absent,absent,no_yellow_halos,gt_1/8,w_s_marg,Abnorm,Yes,Absent,Absent,Norm,Normal,gt_normal,Norm,Absent,Norm,Absent,Norm,none,pot_severe,Absent,Abnorm,Above_sec_nde,gt_norm
280,frog_eye_leaf_spot,scattered,dk_brown_blk,same_lst_sev_yrs,Outubro,firm_and_dry,Colored,Absent,Diseased,lt_80%,Yes,None,Absent,Absent,absent,no_yellow_halos,gt_1/8,w_s_marg,Abnorm,Yes,Absent,Absent,Norm,lt_normal,gt_normal,Norm,Absent,Norm,Absent,Norm,none,Minor,Absent,Abnorm,Above_sec_nde,gt_norm
281,frog_eye_leaf_spot,whole_field,dk_brown_blk,same_lst_sev_yrs,Setembro,firm_and_dry,Colored,Absent,Diseased,lt_80%,Yes,None,Absent,Absent,absent,no_yellow_halos,gt_1/8,w_s_marg,Abnorm,Yes,Absent,Absent,Norm,lt_normal,gt_normal,Norm,Absent,Norm,Absent,Norm,fungicida,Minor,Absent,Abnorm,Above_sec_nde,gt_norm
282,frog_eye_leaf_spot,low_areas,dna,diff_1st_year,Agosto,Absent,Absent,Absent,Norm,90_100%,Yes,None,Absent,Absent,absent,no_yellow_halos,gt_1/8,w_s_marg,Abnorm,Yes,Absent,Absent,Norm,Normal,gt_normal,Norm,Absent,Norm,Absent,Norm,fungicida,pot_severe,Absent,Norm,Absent,norm
283,frog_eye_leaf_spot,whole_field,Brown,same_lst_two_yrs,Agosto,firm_and_dry,Colored,Absent,Diseased,80_89%,Yes,None,Absent,Absent,absent,no_yellow_halos,gt_1/8,w_s_marg,Abnorm,Yes,Absent,Absent,Norm,Normal,gt_normal,Norm,Absent,Norm,Absent,Norm,fungicida,pot_severe,Absent,Abnorm,Above_sec_nde,norm
284,frog_eye_leaf_spot,low_areas,dna,same_1st_yr,Agosto,Absent,Absent,Absent,Norm,lt_80%,Yes,None,Absent,Absent,absent,no_yellow_halos,gt_1/8,w_s_marg,Abnorm,Yes,Absent,Absent,Abnorm,lt_normal,Normal,Norm,Absent,Norm,Absent,Norm,Outros,Minor,Absent,Norm,Absent,gt_norm
285,frog_eye_leaf_spot,scattered,dna,same_lst_two_yrs,Agosto,Absent,Absent,Absent,Norm,80_89%,Yes,None,Absent,Absent,absent,no_yellow_halos,gt_1/8,w_s_marg,Abnorm,Yes,Absent,Absent,Norm,Normal,gt_normal,Norm,Absent,Norm,Absent,Norm,none,Minor,Absent,Norm,Absent,norm
286,frog_eye_leaf_spot,upper_areas,dna,same_1st_yr,Setembro,Absent,Absent,Absent,Norm,lt_80%,Yes,None,Absent,Absent,absent,no_yellow_halos,gt_1/8,w_s_marg,Abnorm,Yes,Absent,Absent,Norm,lt_normal,gt_normal,Norm,Absent,Norm,Absent,Norm,none,pot_severe,Absent,Norm,Absent,norm
287,frog_eye_leaf_spot,whole_field,dk_brown_blk,same_1st_yr,Agosto,firm_and_dry,Colored,Absent,Diseased,90_100%,Yes,None,Absent,Absent,absent,no_yellow_halos,gt_1/8,w_s_marg,Abnorm,Yes,Absent,Absent,Norm,Normal,gt_normal,Norm,Absent,Norm,Absent,Norm,fungicida,pot_severe,Absent,Abnorm,Above_sec_nde,gt_norm
288,frog_eye_leaf_spot,upper_areas,dk_brown_blk,same_1st_yr,Setembro,firm_and_dry,Colored,Absent,Diseased,90_100%,Yes,None,Absent,Absent,absent,no_yellow_halos,gt_1/8,w_s_marg,Abnorm,Yes,Absent,Absent,Norm,Normal,gt_normal,Norm,Absent,Norm,Absent,Norm,none,Minor,Absent,Abnorm,Above_sec_nde,norm
289,frog_eye_leaf_spot,scattered,dk_brown_blk,same_lst_two_yrs,Setembro,firm_and_dry,Colored,Absent,Diseased,80_89%,Yes,None,Absent,Absent,absent,no_yellow_halos,gt_1/8,w_s_marg,Abnorm,Yes,Absent,Absent,Norm,Normal,gt_normal,Norm,Absent,Norm,Absent,Norm,none,Minor,Absent,Abnorm,Above_sec_nde,gt_norm
290,frog_eye_leaf_spot,whole_field,dk_brown_blk,same_lst_two_yrs,Setembro,firm_and_dry,Colored,Absent,Diseased,lt_80%,Yes,None,Absent,Absent,absent,no_yellow_halos,gt_1/8,w_s_marg,Abnorm,Yes,Absent,Absent,Norm,lt_normal,gt_normal,Norm,Absent,Norm,Absent,Norm,fungicida,Minor,Absent,Abnorm,Above_sec_nde,norm
291,diaporthe_pod_&_stem_blight,whole_field,dna,same_lst_sev_yrs,Setembro,Absent,Brown_w/blk_specks,Present,Diseased,90_100%,Desconhecido,None,Desconhecido,Desconhecido,Desconhecido,Desconhecido,Desconhecido,Desconhecido,Norm,Desconhecido,Present,Absent,Norm,Normal,gt_normal,Desconhecido,Absent,Norm,Present,lt_norm,Desconhecido,Desconhecido,Present,Abnorm,Absent,gt_norm
292,diaporthe_pod_&_stem_blight,whole_field,dna,same_lst_two_yrs,Outubro,Absent,Brown_w/blk_specks,Present,Diseased,80_89%,Desconhecido,None,Desconhecido,Desconhecido,Desconhecido,Desconhecido,Desconhecido,Desconhecido,Norm,Desconhecido,Present,Absent,Norm,Normal,gt_normal,Desconhecido,Absent,Abnorm,Present,lt_norm,Desconhecido,Desconhecido,Present,Abnorm,Absent,gt_norm
293,diaporthe_pod_&_stem_blight,whole_field,dna,same_lst_sev_yrs,Setembro,Absent,Brown_w/blk_specks,Present,Diseased,90_100%,Desconhecido,None,Desconhecido,Desconhecido,Desconhecido,Desconhecido,Desconhecido,Desconhecido,Norm,Desconhecido,Present,Absent,Norm,Normal,gt_normal,Desconhecido,Absent,Abnorm,Present,lt_norm,Desconhecido,Desconhecido,Present,Abnorm,Absent,gt_norm
294,diaporthe_pod_&_stem_blight,scattered,dna,same_lst_sev_yrs,Maio,Absent,Brown_w/blk_specks,Present,Diseased,lt_80%,Desconhecido,None,Desconhecido,Desconhecido,Desconhecido,Desconhecido,Desconhecido,Desconhecido,Norm,Desconhecido,Present,Absent,Norm,lt_normal,Normal,Desconhecido,Absent,Norm,Present,lt_norm,Desconhecido,Desconhecido,Present,Abnorm,Absent,gt_norm
295,diaporthe_pod_&_stem_blight,whole_field,dna,same_lst_two_yrs,Setembro,Absent,Brown_w/blk_specks,Present,Diseased,Desconhecido,Desconhecido,None,Desconhecido,Desconhecido,Desconhecido,Desconhecido,Desconhecido,Desconhecido,Norm,Desconhecido,Present,Absent,Norm,Desconhecido,gt_normal,Desconhecido,Absent,Abnorm,Present,lt_norm,Desconhecido,Desconhecido,Present,Abnorm,Absent,gt_norm
296,diaporthe_pod_&_stem_blight,whole_field,dna,same_lst_two_yrs,Setembro,Absent,Brown_w/blk_specks,Present,Diseased,90_100%,Desconhecido,None,Desconhecido,Desconhecido,Desconhecido,Desconhecido,Desconhecido,Desconhecido,Norm,Desconhecido,Present,Absent,Norm,Normal,gt_normal,Desconhecido,Absent,Abnorm,Desconhecido,lt_norm,Desconhecido,Desconhecido,Present,Abnorm,Absent,gt_norm
297,cyst_nematode,low_areas,Desconhecido,same_lst_two_yrs,Junho,Desconhecido,Desconhecido,Desconhecido,few_present,Desconhecido,Desconhecido,Desconhecido,Desconhecido,Desconhecido,Desconhecido,Desconhecido,Desconhecido,Desconhecido,Abnorm,Desconhecido,Absent,Desconhecido,Abnorm,Desconhecido,Desconhecido,galls_cysts,Desconhecido,Abnorm,Desconhecido,lt_norm,Desconhecido,Desconhecido,Desconhecido,Norm,Desconhecido,Desconhecido
298,cyst_nematode,upper_areas,Desconhecido,same_lst_sev_yrs,Julho,Desconhecido,Desconhecido,Desconhecido,few_present,Desconhecido,Desconhecido,Desconhecido,Desconhecido,Desconhecido,Desconhecido,Desconhecido,Desconhecido,Desconhecido,Abnorm,Desconhecido,Absent,Desconhecido,Abnorm,Desconhecido,Desconhecido,galls_cysts,Desconhecido,Abnorm,Desconhecido,lt_norm,Desconhecido,Desconhecido,Desconhecido,Norm,Desconhecido,Desconhecido
299,cyst_nematode,upper_areas,Desconhecido,same_lst_sev_yrs,Agosto,Desconhecido,Desconhecido,Desconhecido,few_present,Desconhecido,Desconhecido,Desconhecido,Desconhecido,Desconhecido,Desconhecido,Desconhecido,Desconhecido,Desconhecido,Abnorm,Desconhecido,Absent,Desconhecido,Abnorm,Desconhecido,Desconhecido,galls_cysts,Desconhecido,Abnorm,Desconhecido,lt_norm,Desconhecido,Desconhecido,Desconhecido,Norm,Desconhecido,Desconhecido
300,cyst_nematode,low_areas,Desconhecido,same_lst_two_yrs,Julho,Desconhecido,Desconhecido,Desconhecido,few_present,Desconhecido,Desconhecido,Desconhecido,Desconhecido,Desconhecido,Desconhecido,Desconhecido,Desconhecido,Desconhecido,Abnorm,Desconhecido,Absent,Desconhecido,Abnorm,Desconhecido,Desconhecido,galls_cysts,Desconhecido,Abnorm,Desconhecido,lt_norm,Desconhecido,Desconhecido,Desconhecido,Norm,Desconhecido,Desconhecido
301,cyst_nematode,low_areas,Desconhecido,same_lst_two_yrs,Julho,Desconhecido,Desconhecido,Desconhecido,few_present,Desconhecido,Desconhecido,Desconhecido,Desconhecido,Desconhecido,Desconhecido,Desconhecido,Desconhecido,Desconhecido,Abnorm,Desconhecido,Absent,Desconhecido,Abnorm,Desconhecido,Desconhecido,galls_cysts,Desconhecido,Abnorm,Desconhecido,lt_norm,Desconhecido,Desconhecido,Desconhecido,Norm,Desconhecido,Desconhecido
302,cyst_nematode,low_areas,Desconhecido,same_lst_two_yrs,Agosto,Desconhecido,Desconhecido,Desconhecido,few_present,Desconhecido,Desconhecido,Desconhecido,Desconhecido,Desconhecido,Desconhecido,Desconhecido,Desconhecido,Desconhecido,Abnorm,Desconhecido,Absent,Desconhecido,Abnorm,Desconhecido,Desconhecido,galls_cysts,Desconhecido,Abnorm,Desconhecido,lt_norm,Desconhecido,Desconhecido,Desconhecido,Norm,Desconhecido,Desconhecido
303,2_4_d_injury,Desconhecido,Desconhecido,Desconhecido,Desconhecido,Desconhecido,Desconhecido,Desconhecido,Desconhecido,Desconhecido,Desconhecido,Desconhecido,Present,Desconhecido,Desconhecido,absent,dna,dna,Abnorm,Desconhecido,Desconhecido,Desconhecido,Desconhecido,Desconhecido,Desconhecido,Desconhecido,Desconhecido,Desconhecido,Desconhecido,Desconhecido,Desconhecido,Desconhecido,Desconhecido,Desconhecido,Desconhecido,Desconhecido
304,herbicide_injury,scattered,Desconhecido,same_1st_yr,Maio,Desconhecido,Desconhecido,Desconhecido,dna,Desconhecido,Desconhecido,Desconhecido,Present,Desconhecido,absent,no_yellow_halos,gt_1/8,no_w_s_marg,Abnorm,Desconhecido,Desconhecido,Desconhecido,Abnorm,lt_normal,Desconhecido,Rotted,Desconhecido,Desconhecido,Desconhecido,Desconhecido,Desconhecido,Desconhecido,Desconhecido,Abnorm,Desconhecido,lt_norm
305,herbicide_injury,whole_field,Desconhecido,diff_1st_year,Abril,Desconhecido,Desconhecido,Desconhecido,dna,Desconhecido,Desconhecido,Desconhecido,Present,Desconhecido,absent,absent,dna,dna,Abnorm,Desconhecido,Desconhecido,Desconhecido,Abnorm,lt_normal,Desconhecido,Rotted,Desconhecido,Desconhecido,Desconhecido,Desconhecido,Desconhecido,Desconhecido,Desconhecido,Abnorm,Desconhecido,lt_norm
306,herbicide_injury,scattered,Desconhecido,diff_1st_year,Maio,Desconhecido,Desconhecido,Desconhecido,dna,Desconhecido,Desconhecido,Desconhecido,Present,Desconhecido,absent,absent,dna,dna,Abnorm,Desconhecido,Desconhecido,Desconhecido,Abnorm,lt_normal,Desconhecido,Rotted,Desconhecido,Desconhecido,Desconhecido,Desconhecido,Desconhecido,Desconhecido,Desconhecido,Abnorm,Desconhecido,lt_norm
307,herbicide_injury,whole_field,Desconhecido,same_1st_yr,Maio,Desconhecido,Desconhecido,Desconhecido,dna,Desconhecido,Desconhecido,Desconhecido,Present,Desconhecido,absent,no_yellow_halos,gt_1/8,no_w_s_marg,Abnorm,Desconhecido,Desconhecido,Desconhecido,Abnorm,lt_normal,Desconhecido,Rotted,Desconhecido,Desconhecido,Desconhecido,Desconhecido,Desconhecido,Desconhecido,Desconhecido,Abnorm,Desconhecido,lt_norm
308,bacterial_blight,scattered,dna,diff_1st_year,Janeiro,Absent,Absent,Absent,Norm,90_100%,Yes,None,Absent,Absent,absent,absent,lt_1/8,w_s_marg,Norm,Yes,Absent,Absent,Norm,Normal,lt_normal,Norm,Absent,Norm,Absent,Norm,none,Minor,Absent,Norm,Absent,lt_norm
309,bacterial_blight,scattered,dna,diff_1st_year,Janeiro,Absent,Absent,Absent,Norm,90_100%,Yes,None,Absent,Absent,absent,absent,lt_1/8,w_s_marg,Norm,Yes,Absent,Absent,Norm,Normal,lt_normal,Norm,Absent,Norm,Absent,Norm,none,Minor,Absent,Norm,Absent,lt_norm
310,bacterial_blight,scattered,dna,diff_1st_year,Fevereiro,Absent,Absent,Absent,Norm,90_100%,Yes,None,Absent,Absent,absent,absent,lt_1/8,w_s_marg,Norm,Yes,Absent,Absent,Norm,Normal,lt_normal,Norm,Absent,Norm,Absent,Norm,none,Minor,Absent,Norm,Absent,lt_norm
311,bacterial_pustule,whole_field,dna,same_lst_two_yrs,Janeiro,firm_and_dry,Brown_w/blk_specks,Absent,Diseased,90_100%,No,None,Absent,Absent,Present,no_yellow_halos,lt_1/8,no_w_s_marg,Abnorm,Yes,Present,Present,Abnorm,Normal,Normal,Norm,Present,Abnorm,Present,Norm,fungicida,Minor,Absent,Norm,Above_soil,lt_norm
312,phytophthora_rot,low_areas,dk_brown_blk,same_1st_yr,Abril,firm_and_dry,dna,Absent,dna,90_100%,No,None,Absent,Absent,absent,absent,dna,dna,Abnorm,Yes,Absent,Absent,Abnorm,lt_normal,gt_normal,Norm,Absent,Norm,Absent,Norm,none,pot_severe,Absent,Abnorm,below_soil,norm